Job_ID,Job_Title,Company,Industry,Location,Job_Type,Experience_Level,Salary_Min_INR,Salary_Max_INR,Skills_Required,Posted_Date,Application_Deadline,Average Salary
DA0001,Data Analyst,Google,Telecom,Delhi NCR,Remote,Mid,"? 8,00,000","? 17,00,000","Python, Power BI, SQL, Statistics",2026-02-05,2026-03-05,"? 12,50,000"
DA0002,Data Analyst,Accenture,Finance,Pune,Onsite,Entry,"? 3,00,000","? 7,00,000","ETL, Python, Machine Learning",2026-01-30,2026-03-10,"? 5,00,000"
DA0003,Data Analyst,KPMG,IT Services,Chennai,Hybrid,Mid,"? 11,00,000","? 14,00,000","Python, Statistics, SQL, Excel",2026-02-05,2026-03-11,"? 12,50,000"
DA0004,Data Analyst,HCLTech,Product,Chennai,Remote,Entry,"? 3,00,000","? 9,00,000","Machine Learning, SQL, Tableau",2026-03-10,2026-03-31,"? 6,00,000"
DA0005,Data Analyst,PwC,Product,Chennai,Onsite,Mid,"? 8,00,000","? 17,00,000","SQL, Python, Communication, ETL, Power BI",2026-01-30,2026-02-25,"? 12,50,000"
DA0006,Data Analyst,KPMG,E-commerce,Noida,Onsite,Entry,"? 5,00,000","? 6,00,000","ETL, Python, Power BI, Communication",2026-03-19,2026-04-24,"? 5,50,000"
DA0007,Data Analyst,Google,E-commerce,Hyderabad,Remote,Entry,"? 3,00,000","? 7,00,000","Machine Learning, Tableau, SQL, Data Cleaning, ETL",2026-01-05,2026-02-04,"? 5,00,000"
DA0008,Data Analyst,Flipkart,Finance,Kolkata,Hybrid,Entry,"? 6,00,000","? 7,00,000","Python, ETL, Tableau, Statistics",2026-02-03,2026-02-25,"? 6,50,000"
DA0009,Data Analyst,Microsoft,Consulting,Kolkata,Remote,Senior,"? 20,00,000","? 33,00,000","Excel, SQL, Power BI",2026-03-05,2026-03-22,"? 26,50,000"
DA0010,Data Analyst,Reliance,Product,Chennai,Onsite,Entry,"? 6,00,000","? 10,00,000","SQL, ETL, Tableau",2026-02-02,2026-02-26,"? 8,00,000"
DA0011,Data Analyst,Microsoft,Telecom,Hyderabad,Onsite,Entry,"? 6,00,000","? 6,00,000","ETL, SQL, Tableau, Machine Learning",2026-02-03,2026-03-01,"? 6,00,000"
DA0012,Data Analyst,TCS,IT Services,Chennai,Hybrid,Mid,"? 12,00,000","? 18,00,000","Communication, Statistics, Data Cleaning",2026-03-09,2026-03-31,"? 15,00,000"
DA0013,Data Analyst,Microsoft,Finance,Noida,Onsite,Entry,"? 3,00,000","? 6,00,000","ETL, Power BI, Communication",2026-03-04,2026-03-27,"? 4,50,000"
DA0014,Data Analyst,Amazon,Finance,Delhi NCR,Onsite,Mid,"? 12,00,000","? 15,00,000","Tableau, Machine Learning, Statistics, Python",2026-01-28,2026-02-19,"? 13,50,000"
DA0015,Data Analyst,Google,Product,Bangalore,Onsite,Entry,"? 3,00,000","? 10,00,000","Communication, Python, Excel, Data Cleaning",2026-03-12,2026-03-29,"? 6,50,000"
DA0016,Data Analyst,Wipro,Product,Gurgaon,Onsite,Senior,"? 23,00,000","? 26,00,000","Tableau, Data Cleaning, Python, Communication",2026-03-07,2026-04-16,"? 24,50,000"
DA0017,Data Analyst,KPMG,Finance,Bangalore,Remote,Entry,"? 6,00,000","? 7,00,000","Machine Learning, Statistics, Communication",2026-01-13,2026-02-17,"? 6,50,000"
DA0018,Data Analyst,PwC,Consulting,Kolkata,Onsite,Senior,"? 19,00,000","? 25,00,000","SQL, Python, ETL, Communication, Tableau",2026-02-21,2026-03-16,"? 22,00,000"
DA0019,Data Analyst,Infosys,Consulting,Mumbai,Hybrid,Entry,"? 3,00,000","? 9,00,000","Excel, ETL, Communication",2026-03-12,2026-04-11,"? 6,00,000"
DA0020,Data Analyst,KPMG,Product,Noida,Remote,Entry,"? 6,00,000","? 6,00,000","Excel, Machine Learning, Tableau, ETL, Python, Power BI",2026-01-22,2026-02-28,"? 6,00,000"
DA0021,Data Analyst,Google,E-commerce,Bangalore,Onsite,Entry,"? 4,00,000","? 8,00,000","Communication, ETL, Excel",2026-01-28,2026-03-02,"? 6,00,000"
DA0022,Data Analyst,Microsoft,Consulting,Kolkata,Onsite,Entry,"? 4,00,000","? 6,00,000","Power BI, SQL, ETL",2026-03-07,2026-04-21,"? 5,00,000"
DA0023,Data Analyst,Microsoft,Telecom,Noida,Hybrid,Senior,"? 21,00,000","? 34,00,000","Communication, SQL, Machine Learning",2026-03-18,2026-05-01,"? 27,50,000"
DA0024,Data Analyst,PwC,Telecom,Delhi NCR,Onsite,Entry,"? 5,00,000","? 7,00,000","Power BI, Tableau, Data Cleaning, Communication, Excel, Statistics",2026-02-03,2026-03-07,"? 6,00,000"
DA0025,Data Analyst,Wipro,Finance,Noida,Remote,Entry,"? 5,00,000","? 7,00,000","Python, Statistics, Tableau",2026-02-14,2026-03-10,"? 6,00,000"
DA0026,Data Analyst,Google,Telecom,Mumbai,Hybrid,Mid,"? 12,00,000","? 12,00,000","SQL, Power BI, Tableau, Excel, Machine Learning",2026-03-27,2026-04-20,"? 12,00,000"
DA0027,Data Analyst,Infosys,Product,Kolkata,Hybrid,Mid,"? 10,00,000","? 13,00,000","ETL, Data Cleaning, Tableau, Machine Learning, Excel",2026-03-29,2026-04-14,"? 11,50,000"
DA0028,Data Analyst,Amazon,IT Services,Chennai,Remote,Entry,"? 4,00,000","? 8,00,000","ETL, Machine Learning, Excel, Data Cleaning, Communication, SQL",2026-01-21,2026-02-22,"? 6,00,000"
DA0029,Data Analyst,Microsoft,IT Services,Chennai,Remote,Entry,"? 4,00,000","? 6,00,000","Excel, Statistics, Python, ETL, SQL",2026-02-09,2026-03-24,"? 5,00,000"
DA0030,Data Analyst,EY,Finance,Hyderabad,Hybrid,Senior,"? 20,00,000","? 28,00,000","Machine Learning, Excel, Power BI, Statistics",2026-01-21,2026-02-10,"? 24,00,000"
DA0031,Data Analyst,Accenture,IT Services,Hyderabad,Hybrid,Mid,"? 8,00,000","? 15,00,000","Python, Communication, Data Cleaning, Power BI, Machine Learning, SQL",2026-01-05,2026-01-30,"? 11,50,000"
DA0032,Data Analyst,Flipkart,E-commerce,Bangalore,Onsite,Entry,"? 3,00,000","? 8,00,000","ETL, Statistics, Excel, Data Cleaning, Power BI, SQL",2026-02-14,2026-03-20,"? 5,50,000"
DA0033,Data Analyst,TCS,Product,Kolkata,Onsite,Entry,"? 5,00,000","? 9,00,000","Machine Learning, Python, Tableau",2026-03-19,2026-04-19,"? 7,00,000"
DA0034,Data Analyst,Google,E-commerce,Noida,Hybrid,Senior,"? 21,00,000","? 30,00,000","Statistics, Communication, SQL",2026-02-25,2026-04-02,"? 25,50,000"
DA0035,Data Analyst,Google,Consulting,Pune,Hybrid,Entry,"? 6,00,000","? 8,00,000","Python, Machine Learning, ETL, Statistics",2026-03-12,2026-04-13,"? 7,00,000"
DA0036,Data Analyst,Amazon,Finance,Mumbai,Remote,Mid,"? 10,00,000","? 14,00,000","Communication, Statistics, Data Cleaning, Python, Machine Learning, SQL",2026-01-27,2026-02-13,"? 12,00,000"
DA0037,Data Analyst,Accenture,Finance,Delhi NCR,Hybrid,Entry,"? 5,00,000","? 6,00,000","Python, Communication, Power BI, Excel, Machine Learning",2026-01-31,2026-02-28,"? 5,50,000"
DA0038,Data Analyst,Accenture,Consulting,Noida,Hybrid,Senior,"? 21,00,000","? 31,00,000","Python, Power BI, Excel, Machine Learning, Data Cleaning, Communication",2026-03-05,2026-03-21,"? 26,00,000"
DA0039,Data Analyst,HCLTech,Product,Noida,Hybrid,Mid,"? 8,00,000","? 15,00,000","ETL, Communication, Statistics, Machine Learning, Python, Tableau",2026-01-18,2026-02-28,"? 11,50,000"
DA0040,Data Analyst,Microsoft,Consulting,Pune,Hybrid,Senior,"? 25,00,000","? 27,00,000","Tableau, Python, Communication, Machine Learning, Data Cleaning, ETL",2026-03-02,2026-03-19,"? 26,00,000"
DA0041,Data Analyst,KPMG,Product,Mumbai,Remote,Mid,"? 9,00,000","? 14,00,000","ETL, SQL, Power BI, Communication, Machine Learning",2026-02-12,2026-03-05,"? 11,50,000"
DA0042,Data Analyst,Reliance,Telecom,Bangalore,Remote,Entry,"? 6,00,000","? 8,00,000","Machine Learning, Excel, Python, Communication, Data Cleaning, Statistics",2026-03-11,2026-04-07,"? 7,00,000"
DA0043,Data Analyst,KPMG,Finance,Bangalore,Hybrid,Entry,"? 5,00,000","? 8,00,000","ETL, Communication, Python, Data Cleaning, SQL, Power BI",2026-02-19,2026-03-16,"? 6,50,000"
DA0044,Data Analyst,Microsoft,IT Services,Delhi NCR,Remote,Mid,"? 11,00,000","? 17,00,000","Power BI, ETL, Excel, Python, Tableau, Statistics",2026-01-22,2026-02-19,"? 14,00,000"
DA0045,Data Analyst,EY,Finance,Pune,Hybrid,Entry,"? 6,00,000","? 7,00,000","Machine Learning, Statistics, Python, Data Cleaning, Power BI",2026-01-07,2026-01-30,"? 6,50,000"
DA0046,Data Analyst,Reliance,Product,Bangalore,Onsite,Mid,"? 11,00,000","? 12,00,000","Statistics, Python, SQL",2026-03-11,2026-04-25,"? 11,50,000"
DA0047,Data Analyst,Accenture,Finance,Pune,Hybrid,Entry,"? 3,00,000","? 10,00,000","Power BI, Data Cleaning, SQL, Tableau",2026-01-20,2026-02-09,"? 6,50,000"
DA0048,Data Analyst,KPMG,Finance,Hyderabad,Onsite,Mid,"? 8,00,000","? 18,00,000","SQL, Excel, Tableau, Data Cleaning, Statistics",2026-01-21,2026-02-23,"? 13,00,000"
DA0049,Data Analyst,KPMG,Product,Chennai,Onsite,Mid,"? 9,00,000","? 12,00,000","Communication, SQL, Excel, Power BI, Tableau",2026-03-31,2026-05-01,"? 10,50,000"
DA0050,Data Analyst,KPMG,Consulting,Noida,Remote,Mid,"? 8,00,000","? 18,00,000","SQL, Machine Learning, Statistics, Data Cleaning, Python, Communication",2026-02-23,2026-03-18,"? 13,00,000"
DA0051,Data Analyst,Deloitte,Finance,Hyderabad,Hybrid,Mid,"? 12,00,000","? 18,00,000","Machine Learning, Tableau, Statistics, Communication, SQL, Excel",2026-03-03,2026-04-05,"? 15,00,000"
DA0052,Data Analyst,EY,E-commerce,Pune,Remote,Mid,"? 11,00,000","? 14,00,000","Statistics, Power BI, Data Cleaning, SQL, ETL, Communication",2026-01-04,2026-01-19,"? 12,50,000"
DA0053,Data Analyst,PwC,IT Services,Delhi NCR,Hybrid,Mid,"? 9,00,000","? 12,00,000","Data Cleaning, ETL, Python, Statistics, Communication, Machine Learning",2026-01-31,2026-02-22,"? 10,50,000"
DA0054,Data Analyst,Amazon,E-commerce,Chennai,Remote,Entry,"? 4,00,000","? 8,00,000","Data Cleaning, ETL, Statistics, Python, Communication",2026-03-26,2026-04-24,"? 6,00,000"
DA0055,Data Analyst,Accenture,Product,Gurgaon,Hybrid,Entry,"? 5,00,000","? 7,00,000","Statistics, SQL, Power BI, ETL",2026-01-16,2026-02-23,"? 6,00,000"
DA0056,Data Analyst,EY,Consulting,Pune,Onsite,Mid,"? 12,00,000","? 16,00,000","Python, Tableau, Communication",2026-02-06,2026-03-15,"? 14,00,000"
DA0057,Data Analyst,Flipkart,E-commerce,Gurgaon,Hybrid,Mid,"? 10,00,000","? 12,00,000","Power BI, Data Cleaning, SQL, Machine Learning, Excel",2026-01-07,2026-02-05,"? 11,00,000"
DA0058,Data Analyst,Infosys,Telecom,Bangalore,Onsite,Entry,"? 3,00,000","? 8,00,000","SQL, Machine Learning, Data Cleaning",2026-03-03,2026-03-22,"? 5,50,000"
DA0059,Data Analyst,Reliance,Telecom,Kolkata,Hybrid,Mid,"? 10,00,000","? 12,00,000","ETL, Machine Learning, Python",2026-02-01,2026-03-17,"? 11,00,000"
DA0060,Data Analyst,Microsoft,Consulting,Pune,Remote,Entry,"? 6,00,000","? 8,00,000","Communication, SQL, Python",2026-03-14,2026-03-31,"? 7,00,000"
DA0061,Data Analyst,Flipkart,Finance,Pune,Onsite,Entry,"? 4,00,000","? 10,00,000","Excel, Machine Learning, Data Cleaning, Statistics",2026-01-10,2026-02-01,"? 7,00,000"
DA0062,Data Analyst,Amazon,Consulting,Mumbai,Hybrid,Entry,"? 5,00,000","? 9,00,000","Tableau, Python, Machine Learning, Excel",2026-01-10,2026-02-20,"? 7,00,000"
DA0063,Data Analyst,Google,Finance,Pune,Remote,Entry,"? 3,00,000","? 7,00,000","Data Cleaning, SQL, Communication, Statistics, Power BI",2026-02-09,2026-03-13,"? 5,00,000"
DA0064,Data Analyst,Flipkart,IT Services,Pune,Remote,Entry,"? 3,00,000","? 10,00,000","Statistics, Tableau, Excel, Data Cleaning, SQL, ETL",2026-01-06,2026-01-22,"? 6,50,000"
DA0065,Data Analyst,PwC,E-commerce,Kolkata,Hybrid,Mid,"? 9,00,000","? 15,00,000","Tableau, Power BI, Machine Learning, Statistics, Python, Excel",2026-03-08,2026-04-02,"? 12,00,000"
DA0066,Data Analyst,Deloitte,E-commerce,Delhi NCR,Hybrid,Mid,"? 9,00,000","? 14,00,000","Tableau, Machine Learning, Excel, Python, Data Cleaning, Power BI",2026-02-22,2026-04-05,"? 11,50,000"
DA0067,Data Analyst,Reliance,Finance,Gurgaon,Onsite,Mid,"? 8,00,000","? 17,00,000","Machine Learning, Excel, Python, Tableau, Power BI, Communication",2026-03-11,2026-04-01,"? 12,50,000"
DA0068,Data Analyst,Amazon,IT Services,Noida,Hybrid,Entry,"? 4,00,000","? 8,00,000","SQL, Excel, Python, Statistics, Communication, Power BI",2026-02-26,2026-03-15,"? 6,00,000"
DA0069,Data Analyst,HCLTech,Finance,Gurgaon,Onsite,Entry,"? 3,00,000","? 9,00,000","Data Cleaning, Tableau, ETL, Python",2026-01-16,2026-02-14,"? 6,00,000"
DA0070,Data Analyst,Reliance,Telecom,Pune,Onsite,Mid,"? 11,00,000","? 13,00,000","SQL, Tableau, Machine Learning, Power BI",2026-03-18,2026-04-11,"? 12,00,000"
DA0071,Data Analyst,Reliance,Telecom,Kolkata,Hybrid,Mid,"? 12,00,000","? 16,00,000","Power BI, Data Cleaning, ETL, Communication, Machine Learning, Tableau",2026-03-26,2026-05-09,"? 14,00,000"
DA0072,Data Analyst,Google,Finance,Kolkata,Remote,Entry,"? 4,00,000","? 7,00,000","Python, Machine Learning, Excel, Power BI, Statistics, Communication",2026-03-15,2026-04-24,"? 5,50,000"
DA0073,Data Analyst,HCLTech,Finance,Delhi NCR,Remote,Mid,"? 9,00,000","? 15,00,000","ETL, Statistics, SQL, Machine Learning",2026-01-05,2026-02-18,"? 12,00,000"
DA0074,Data Analyst,Flipkart,Product,Kolkata,Remote,Entry,"? 4,00,000","? 9,00,000","SQL, Data Cleaning, Tableau, Power BI",2026-03-25,2026-04-11,"? 6,50,000"
DA0075,Data Analyst,Accenture,Product,Delhi NCR,Hybrid,Senior,"? 24,00,000","? 30,00,000","ETL, Excel, SQL, Data Cleaning, Statistics, Power BI",2026-03-22,2026-04-09,"? 27,00,000"
DA0076,Data Analyst,Deloitte,E-commerce,Chennai,Hybrid,Mid,"? 8,00,000","? 15,00,000","Excel, Communication, Statistics, Machine Learning, ETL",2026-01-22,2026-02-10,"? 11,50,000"
DA0077,Data Analyst,HCLTech,Finance,Hyderabad,Hybrid,Entry,"? 6,00,000","? 10,00,000","Power BI, Communication, SQL, Tableau",2026-03-29,2026-05-12,"? 8,00,000"
DA0078,Data Analyst,Deloitte,Product,Noida,Onsite,Mid,"? 9,00,000","? 15,00,000","Data Cleaning, Tableau, Excel, Machine Learning, Python",2026-03-23,2026-04-09,"? 12,00,000"
DA0079,Data Analyst,Infosys,Consulting,Kolkata,Remote,Entry,"? 5,00,000","? 10,00,000","Tableau, Data Cleaning, Communication, SQL, Python, Statistics",2026-02-08,2026-03-06,"? 7,50,000"
DA0080,Data Analyst,HCLTech,E-commerce,Hyderabad,Remote,Mid,"? 10,00,000","? 12,00,000","Tableau, Excel, ETL, Communication, Statistics, Python",2026-03-26,2026-05-05,"? 11,00,000"
DA0081,Data Analyst,PwC,IT Services,Chennai,Remote,Entry,"? 4,00,000","? 10,00,000","SQL, Excel, Tableau, Machine Learning",2026-02-02,2026-02-21,"? 7,00,000"
DA0082,Data Analyst,Amazon,E-commerce,Mumbai,Hybrid,Entry,"? 5,00,000","? 8,00,000","Python, Power BI, Statistics, Tableau",2026-02-23,2026-04-08,"? 6,50,000"
DA0083,Data Analyst,HCLTech,Product,Kolkata,Remote,Mid,"? 11,00,000","? 18,00,000","SQL, Data Cleaning, Communication, ETL, Machine Learning",2026-02-07,2026-03-05,"? 14,50,000"
DA0084,Data Analyst,Flipkart,Finance,Chennai,Onsite,Entry,"? 6,00,000","? 6,00,000","Data Cleaning, Statistics, Tableau",2026-02-03,2026-03-11,"? 6,00,000"
DA0085,Data Analyst,Google,E-commerce,Kolkata,Onsite,Entry,"? 3,00,000","? 10,00,000","Communication, Python, SQL, Statistics, ETL",2026-03-13,2026-04-01,"? 6,50,000"
DA0086,Data Analyst,KPMG,Finance,Chennai,Remote,Entry,"? 3,00,000","? 8,00,000","SQL, Python, Power BI",2026-03-05,2026-04-19,"? 5,50,000"
DA0087,Data Analyst,KPMG,E-commerce,Bangalore,Remote,Mid,"? 12,00,000","? 15,00,000","Machine Learning, SQL, Data Cleaning, Tableau",2026-03-17,2026-04-12,"? 13,50,000"
DA0088,Data Analyst,TCS,Finance,Pune,Onsite,Entry,"? 6,00,000","? 7,00,000","Statistics, ETL, Communication",2026-02-16,2026-04-02,"? 6,50,000"
DA0089,Data Analyst,EY,Consulting,Mumbai,Remote,Entry,"? 6,00,000","? 6,00,000","Communication, Excel, ETL, Machine Learning",2026-03-26,2026-04-16,"? 6,00,000"
DA0090,Data Analyst,HCLTech,Consulting,Mumbai,Remote,Entry,"? 4,00,000","? 10,00,000","Statistics, Power BI, Excel, ETL",2026-01-28,2026-02-20,"? 7,00,000"
DA0091,Data Analyst,EY,IT Services,Mumbai,Hybrid,Mid,"? 8,00,000","? 17,00,000","Excel, Statistics, Python, Tableau",2026-01-04,2026-01-20,"? 12,50,000"
DA0092,Data Analyst,Amazon,Telecom,Delhi NCR,Hybrid,Entry,"? 6,00,000","? 10,00,000","Data Cleaning, Communication, Statistics",2026-01-15,2026-02-15,"? 8,00,000"
DA0093,Data Analyst,Microsoft,IT Services,Gurgaon,Remote,Entry,"? 3,00,000","? 10,00,000","Excel, Communication, Data Cleaning, Machine Learning, Python, Statistics",2026-02-08,2026-03-24,"? 6,50,000"
DA0094,Data Analyst,Microsoft,Telecom,Noida,Remote,Entry,"? 3,00,000","? 8,00,000","SQL, Power BI, Tableau, Data Cleaning",2026-03-19,2026-04-13,"? 5,50,000"
DA0095,Data Analyst,KPMG,E-commerce,Gurgaon,Hybrid,Entry,"? 5,00,000","? 9,00,000","SQL, Communication, Python, Data Cleaning, Machine Learning, ETL",2026-03-06,2026-04-03,"? 7,00,000"
DA0096,Data Analyst,HCLTech,IT Services,Delhi NCR,Hybrid,Mid,"? 10,00,000","? 15,00,000","Statistics, Power BI, Data Cleaning, Excel, Machine Learning",2026-02-10,2026-02-28,"? 12,50,000"
DA0097,Data Analyst,Microsoft,IT Services,Kolkata,Hybrid,Mid,"? 10,00,000","? 18,00,000","Communication, ETL, Statistics",2026-01-17,2026-02-28,"? 14,00,000"
DA0098,Data Analyst,Amazon,Consulting,Mumbai,Remote,Mid,"? 11,00,000","? 18,00,000","Communication, Tableau, Statistics, Excel, ETL",2026-01-07,2026-02-06,"? 14,50,000"
DA0099,Data Analyst,HCLTech,Telecom,Noida,Onsite,Entry,"? 3,00,000","? 8,00,000","SQL, Tableau, Python, Machine Learning, Data Cleaning",2026-03-13,2026-04-16,"? 5,50,000"
DA0100,Data Analyst,HCLTech,Consulting,Kolkata,Onsite,Senior,"? 22,00,000","? 25,00,000","Tableau, Statistics, ETL, Excel, SQL",2026-01-24,2026-02-12,"? 23,50,000"
DA0101,Data Analyst,Wipro,E-commerce,Pune,Remote,Mid,"? 8,00,000","? 12,00,000","Machine Learning, Communication, Data Cleaning, Power BI",2026-03-09,2026-04-03,"? 10,00,000"
DA0102,Data Analyst,Microsoft,IT Services,Pune,Hybrid,Mid,"? 12,00,000","? 16,00,000","Power BI, Communication, Excel",2026-01-11,2026-02-16,"? 14,00,000"
DA0103,Data Analyst,Infosys,E-commerce,Gurgaon,Remote,Entry,"? 6,00,000","? 9,00,000","ETL, SQL, Statistics, Python",2026-02-04,2026-03-12,"? 7,50,000"
DA0104,Data Analyst,Accenture,Consulting,Pune,Hybrid,Entry,"? 4,00,000","? 9,00,000","Excel, Python, Tableau",2026-03-18,2026-04-12,"? 6,50,000"
DA0105,Data Analyst,Amazon,Product,Chennai,Onsite,Entry,"? 6,00,000","? 9,00,000","Machine Learning, ETL, Python, Tableau",2026-01-23,2026-02-19,"? 7,50,000"
DA0106,Data Analyst,Deloitte,IT Services,Kolkata,Onsite,Senior,"? 18,00,000","? 31,00,000","SQL, Statistics, Machine Learning, Tableau, Python, ETL",2026-01-03,2026-02-17,"? 24,50,000"
DA0107,Data Analyst,Infosys,Finance,Pune,Remote,Entry,"? 6,00,000","? 8,00,000","SQL, Python, Machine Learning, Tableau, ETL, Data Cleaning",2026-01-12,2026-02-06,"? 7,00,000"
DA0108,Data Analyst,Reliance,E-commerce,Chennai,Remote,Entry,"? 4,00,000","? 6,00,000","ETL, Communication, Python",2026-03-07,2026-04-21,"? 5,00,000"
DA0109,Data Analyst,Wipro,Product,Delhi NCR,Onsite,Mid,"? 9,00,000","? 13,00,000","Tableau, Python, Power BI, Communication",2026-01-14,2026-02-28,"? 11,00,000"
DA0110,Data Analyst,PwC,Finance,Pune,Hybrid,Mid,"? 11,00,000","? 15,00,000","Communication, Statistics, ETL, SQL, Python, Excel",2026-03-14,2026-04-16,"? 13,00,000"
DA0111,Data Analyst,Microsoft,IT Services,Noida,Hybrid,Entry,"? 3,00,000","? 8,00,000","Excel, Communication, Statistics, Machine Learning, Power BI, ETL",2026-03-01,2026-03-30,"? 5,50,000"
DA0112,Data Analyst,PwC,IT Services,Chennai,Remote,Mid,"? 8,00,000","? 15,00,000","Statistics, Data Cleaning, Power BI, Excel",2026-03-15,2026-04-01,"? 11,50,000"
DA0113,Data Analyst,KPMG,Finance,Chennai,Remote,Mid,"? 9,00,000","? 12,00,000","Data Cleaning, ETL, Power BI, Communication, Machine Learning, Statistics",2026-02-01,2026-03-07,"? 10,50,000"
DA0114,Data Analyst,Deloitte,Product,Mumbai,Hybrid,Entry,"? 5,00,000","? 6,00,000","ETL, Machine Learning, Tableau",2026-02-12,2026-03-01,"? 5,50,000"
DA0115,Data Analyst,HCLTech,Consulting,Noida,Onsite,Mid,"? 9,00,000","? 14,00,000","Power BI, SQL, Tableau, Data Cleaning, Python, Communication",2026-02-09,2026-03-16,"? 11,50,000"
DA0116,Data Analyst,Accenture,Consulting,Mumbai,Onsite,Mid,"? 12,00,000","? 14,00,000","Tableau, Power BI, Python, ETL, Data Cleaning",2026-01-03,2026-01-20,"? 13,00,000"
DA0117,Data Analyst,Wipro,Consulting,Mumbai,Remote,Entry,"? 3,00,000","? 10,00,000","Statistics, Power BI, Machine Learning",2026-03-11,2026-04-19,"? 6,50,000"
DA0118,Data Analyst,PwC,Telecom,Pune,Remote,Mid,"? 9,00,000","? 17,00,000","Machine Learning, Statistics, Python",2026-02-26,2026-04-07,"? 13,00,000"
DA0119,Data Analyst,Deloitte,Finance,Noida,Remote,Entry,"? 4,00,000","? 8,00,000","Statistics, Data Cleaning, ETL, Machine Learning",2026-03-02,2026-03-30,"? 6,00,000"
DA0120,Data Analyst,Google,Telecom,Delhi NCR,Hybrid,Senior,"? 21,00,000","? 34,00,000","Excel, Data Cleaning, Statistics, Tableau, Communication",2026-01-18,2026-02-04,"? 27,50,000"
DA0121,Data Analyst,PwC,E-commerce,Bangalore,Hybrid,Mid,"? 10,00,000","? 15,00,000","Machine Learning, SQL, Python, Communication",2026-03-07,2026-03-23,"? 12,50,000"
DA0122,Data Analyst,EY,IT Services,Chennai,Onsite,Entry,"? 5,00,000","? 7,00,000","Statistics, Python, Excel",2026-02-19,2026-03-10,"? 6,00,000"
DA0123,Data Analyst,HCLTech,Consulting,Noida,Remote,Entry,"? 6,00,000","? 7,00,000","Data Cleaning, Excel, SQL, ETL, Power BI, Communication",2026-04-01,2026-05-05,"? 6,50,000"
DA0124,Data Analyst,KPMG,Product,Gurgaon,Onsite,Mid,"? 8,00,000","? 18,00,000","Tableau, SQL, Excel, ETL",2026-02-06,2026-02-24,"? 13,00,000"
DA0125,Data Analyst,Deloitte,Finance,Bangalore,Remote,Mid,"? 11,00,000","? 16,00,000","ETL, Python, Power BI",2026-03-10,2026-04-05,"? 13,50,000"
DA0126,Data Analyst,Amazon,Telecom,Noida,Remote,Entry,"? 6,00,000","? 7,00,000","ETL, Statistics, SQL",2026-03-27,2026-04-28,"? 6,50,000"
DA0127,Data Analyst,Accenture,Product,Delhi NCR,Remote,Entry,"? 6,00,000","? 6,00,000","Statistics, Tableau, Excel, Power BI, Data Cleaning, Machine Learning",2026-03-23,2026-04-30,"? 6,00,000"
DA0128,Data Analyst,Reliance,Consulting,Delhi NCR,Remote,Mid,"? 9,00,000","? 12,00,000","Power BI, Data Cleaning, ETL, Statistics, SQL",2026-02-15,2026-03-26,"? 10,50,000"
DA0129,Data Analyst,Deloitte,Telecom,Kolkata,Remote,Senior,"? 18,00,000","? 29,00,000","Python, Excel, Statistics",2026-01-26,2026-02-25,"? 23,50,000"
DA0130,Data Analyst,Reliance,E-commerce,Kolkata,Hybrid,Entry,"? 4,00,000","? 8,00,000","Statistics, Tableau, SQL",2026-02-15,2026-03-25,"? 6,00,000"
DA0131,Data Analyst,Infosys,Finance,Mumbai,Remote,Entry,"? 6,00,000","? 8,00,000","Data Cleaning, Statistics, Tableau, Machine Learning, Excel, Python",2026-01-24,2026-02-17,"? 7,00,000"
DA0132,Data Analyst,PwC,E-commerce,Gurgaon,Onsite,Entry,"? 3,00,000","? 8,00,000","Tableau, Data Cleaning, Machine Learning, SQL, Statistics",2026-03-26,2026-05-03,"? 5,50,000"
DA0133,Data Analyst,Reliance,Product,Mumbai,Onsite,Senior,"? 23,00,000","? 34,00,000","Excel, SQL, Machine Learning, Power BI, Tableau",2026-02-25,2026-03-16,"? 28,50,000"
DA0134,Data Analyst,KPMG,Telecom,Bangalore,Remote,Mid,"? 11,00,000","? 12,00,000","Python, Statistics, ETL",2026-01-17,2026-02-05,"? 11,50,000"
DA0135,Data Analyst,KPMG,E-commerce,Pune,Onsite,Mid,"? 10,00,000","? 14,00,000","Communication, Power BI, Statistics",2026-02-26,2026-04-12,"? 12,00,000"
DA0136,Data Analyst,Accenture,Telecom,Pune,Remote,Entry,"? 4,00,000","? 9,00,000","ETL, SQL, Tableau, Machine Learning, Power BI, Python",2026-03-08,2026-04-21,"? 6,50,000"
DA0137,Data Analyst,Infosys,Product,Chennai,Remote,Senior,"? 21,00,000","? 26,00,000","Data Cleaning, Power BI, Communication",2026-01-18,2026-02-13,"? 23,50,000"
DA0138,Data Analyst,Infosys,Consulting,Mumbai,Onsite,Mid,"? 12,00,000","? 16,00,000","Power BI, Communication, Statistics, Tableau, SQL",2026-02-07,2026-03-19,"? 14,00,000"
DA0139,Data Analyst,Infosys,E-commerce,Kolkata,Remote,Entry,"? 5,00,000","? 10,00,000","Data Cleaning, ETL, Power BI, Tableau, Excel",2026-03-15,2026-04-22,"? 7,50,000"
DA0140,Data Analyst,PwC,Finance,Noida,Hybrid,Entry,"? 6,00,000","? 9,00,000","Power BI, Statistics, SQL",2026-03-15,2026-04-03,"? 7,50,000"
DA0141,Data Analyst,Deloitte,Consulting,Mumbai,Hybrid,Senior,"? 20,00,000","? 27,00,000","SQL, ETL, Power BI",2026-02-25,2026-04-10,"? 23,50,000"
DA0142,Data Analyst,Wipro,Product,Pune,Remote,Mid,"? 10,00,000","? 16,00,000","Tableau, Python, Communication",2026-02-06,2026-03-10,"? 13,00,000"
DA0143,Data Analyst,HCLTech,IT Services,Delhi NCR,Onsite,Entry,"? 4,00,000","? 10,00,000","Power BI, Statistics, Excel, Machine Learning",2026-03-16,2026-04-30,"? 7,00,000"
DA0144,Data Analyst,Microsoft,Telecom,Pune,Remote,Mid,"? 12,00,000","? 14,00,000","Communication, Machine Learning, Excel, Python",2026-03-25,2026-05-09,"? 13,00,000"
DA0145,Data Analyst,PwC,Consulting,Chennai,Remote,Entry,"? 4,00,000","? 9,00,000","SQL, Excel, Power BI, Python, Machine Learning, Statistics",2026-02-08,2026-02-27,"? 6,50,000"
DA0146,Data Analyst,Accenture,Finance,Delhi NCR,Hybrid,Entry,"? 5,00,000","? 8,00,000","Statistics, ETL, SQL, Power BI",2026-02-21,2026-03-22,"? 6,50,000"
DA0147,Data Analyst,Flipkart,Product,Chennai,Onsite,Entry,"? 3,00,000","? 6,00,000","Communication, Machine Learning, Python, ETL, SQL, Power BI",2026-02-07,2026-03-18,"? 4,50,000"
DA0148,Data Analyst,Accenture,Telecom,Chennai,Onsite,Entry,"? 6,00,000","? 9,00,000","Excel, SQL, Machine Learning, Tableau, Python, ETL",2026-02-09,2026-02-25,"? 7,50,000"
DA0149,Data Analyst,Deloitte,Product,Chennai,Hybrid,Entry,"? 6,00,000","? 8,00,000","SQL, Machine Learning, Power BI",2026-03-10,2026-04-05,"? 7,00,000"
DA0150,Data Analyst,KPMG,Telecom,Gurgaon,Remote,Entry,"? 3,00,000","? 10,00,000","Statistics, ETL, Tableau, Excel",2026-03-13,2026-04-05,"? 6,50,000"
DA0151,Data Analyst,EY,E-commerce,Noida,Hybrid,Mid,"? 12,00,000","? 17,00,000","Power BI, SQL, Machine Learning",2026-03-20,2026-04-28,"? 14,50,000"
DA0152,Data Analyst,Reliance,Finance,Noida,Hybrid,Entry,"? 6,00,000","? 10,00,000","Excel, Power BI, Statistics",2026-01-06,2026-01-25,"? 8,00,000"
DA0153,Data Analyst,Amazon,Telecom,Noida,Hybrid,Mid,"? 12,00,000","? 13,00,000","Power BI, Machine Learning, Tableau, Data Cleaning, Communication",2026-02-11,2026-03-20,"? 12,50,000"
DA0154,Data Analyst,Reliance,Product,Bangalore,Remote,Mid,"? 11,00,000","? 18,00,000","Statistics, SQL, Machine Learning, Tableau, Power BI",2026-01-03,2026-02-02,"? 14,50,000"
DA0155,Data Analyst,TCS,Telecom,Delhi NCR,Onsite,Entry,"? 4,00,000","? 6,00,000","Power BI, ETL, Machine Learning, SQL, Statistics, Data Cleaning",2026-03-16,2026-03-31,"? 5,00,000"
DA0156,Data Analyst,HCLTech,Product,Bangalore,Remote,Entry,"? 6,00,000","? 7,00,000","Machine Learning, ETL, Data Cleaning, Communication",2026-02-22,2026-03-13,"? 6,50,000"
DA0157,Data Analyst,EY,Telecom,Chennai,Remote,Mid,"? 12,00,000","? 14,00,000","ETL, Machine Learning, Statistics, SQL, Python, Tableau",2026-03-26,2026-05-04,"? 13,00,000"
DA0158,Data Analyst,Deloitte,E-commerce,Hyderabad,Remote,Senior,"? 22,00,000","? 34,00,000","Python, Tableau, ETL, SQL",2026-03-03,2026-04-09,"? 28,00,000"
DA0159,Data Analyst,Reliance,Consulting,Pune,Onsite,Entry,"? 6,00,000","? 8,00,000","Tableau, SQL, Machine Learning, Python, Power BI",2026-03-13,2026-04-06,"? 7,00,000"
DA0160,Data Analyst,Deloitte,Telecom,Pune,Onsite,Senior,"? 19,00,000","? 30,00,000","Data Cleaning, Python, ETL, Machine Learning, Tableau",2026-02-26,2026-03-16,"? 24,50,000"
DA0161,Data Analyst,TCS,IT Services,Kolkata,Hybrid,Mid,"? 12,00,000","? 13,00,000","ETL, Python, Communication",2026-02-01,2026-03-10,"? 12,50,000"
DA0162,Data Analyst,Accenture,E-commerce,Chennai,Hybrid,Entry,"? 4,00,000","? 6,00,000","Machine Learning, Data Cleaning, ETL, Statistics",2026-03-12,2026-04-16,"? 5,00,000"
DA0163,Data Analyst,TCS,Finance,Gurgaon,Onsite,Entry,"? 3,00,000","? 10,00,000","Power BI, Machine Learning, Communication",2026-01-30,2026-03-15,"? 6,50,000"
DA0164,Data Analyst,Microsoft,Telecom,Noida,Hybrid,Mid,"? 10,00,000","? 12,00,000","Communication, SQL, Statistics, Power BI, Python",2026-01-02,2026-02-14,"? 11,00,000"
DA0165,Data Analyst,Microsoft,E-commerce,Mumbai,Onsite,Senior,"? 25,00,000","? 29,00,000","Statistics, Power BI, Data Cleaning",2026-01-25,2026-03-04,"? 27,00,000"
DA0166,Data Analyst,EY,IT Services,Kolkata,Remote,Entry,"? 5,00,000","? 10,00,000","Power BI, Machine Learning, ETL, Tableau",2026-03-28,2026-04-15,"? 7,50,000"
DA0167,Data Analyst,PwC,E-commerce,Chennai,Hybrid,Entry,"? 4,00,000","? 9,00,000","Excel, Tableau, Machine Learning, SQL",2026-02-11,2026-03-16,"? 6,50,000"
DA0168,Data Analyst,Wipro,Finance,Noida,Remote,Mid,"? 8,00,000","? 14,00,000","Python, Excel, SQL, Communication, Power BI",2026-03-25,2026-05-03,"? 11,00,000"
DA0169,Data Analyst,PwC,Product,Chennai,Hybrid,Entry,"? 3,00,000","? 8,00,000","Python, Power BI, Data Cleaning, SQL",2026-02-17,2026-03-26,"? 5,50,000"
DA0170,Data Analyst,Google,E-commerce,Delhi NCR,Remote,Mid,"? 11,00,000","? 18,00,000","Python, SQL, Data Cleaning, Tableau",2026-03-10,2026-03-28,"? 14,50,000"
DA0171,Data Analyst,Microsoft,Consulting,Gurgaon,Onsite,Entry,"? 4,00,000","? 10,00,000","Power BI, Statistics, Data Cleaning, Excel",2026-03-10,2026-04-22,"? 7,00,000"
DA0172,Data Analyst,KPMG,E-commerce,Bangalore,Remote,Mid,"? 8,00,000","? 15,00,000","Data Cleaning, Excel, Communication, Statistics, Power BI, ETL",2026-01-17,2026-02-07,"? 11,50,000"
DA0173,Data Analyst,PwC,IT Services,Pune,Hybrid,Mid,"? 8,00,000","? 15,00,000","ETL, Excel, SQL",2026-02-14,2026-03-06,"? 11,50,000"
DA0174,Data Analyst,Wipro,Product,Chennai,Onsite,Mid,"? 11,00,000","? 14,00,000","Machine Learning, Communication, SQL, Statistics, ETL, Tableau",2026-02-18,2026-03-10,"? 12,50,000"
DA0175,Data Analyst,Microsoft,Product,Noida,Hybrid,Senior,"? 24,00,000","? 33,00,000","Excel, Communication, Tableau, Python",2026-01-17,2026-02-18,"? 28,50,000"
DA0176,Data Analyst,TCS,Product,Kolkata,Remote,Entry,"? 4,00,000","? 7,00,000","Power BI, Tableau, Python, Statistics, Excel",2026-02-28,2026-04-08,"? 5,50,000"
DA0177,Data Analyst,Flipkart,Product,Bangalore,Onsite,Senior,"? 18,00,000","? 28,00,000","SQL, Excel, Data Cleaning",2026-01-27,2026-03-06,"? 23,00,000"
DA0178,Data Analyst,HCLTech,Product,Chennai,Remote,Entry,"? 6,00,000","? 7,00,000","Excel, Power BI, Tableau, SQL",2026-03-11,2026-04-14,"? 6,50,000"
DA0179,Data Analyst,Deloitte,IT Services,Noida,Remote,Mid,"? 10,00,000","? 13,00,000","ETL, Python, Machine Learning, Power BI",2026-02-08,2026-03-23,"? 11,50,000"
DA0180,Data Analyst,Reliance,Telecom,Chennai,Remote,Mid,"? 9,00,000","? 17,00,000","ETL, Data Cleaning, Excel, Power BI, Statistics, Python",2026-03-28,2026-04-25,"? 13,00,000"
DA0181,Data Analyst,Reliance,Finance,Bangalore,Remote,Entry,"? 5,00,000","? 9,00,000","Python, Communication, Tableau, Machine Learning, Statistics, SQL",2026-01-24,2026-02-21,"? 7,00,000"
DA0182,Data Analyst,Infosys,Telecom,Hyderabad,Onsite,Senior,"? 20,00,000","? 31,00,000","Python, Statistics, SQL, Communication, Power BI",2026-02-01,2026-02-24,"? 25,50,000"
DA0183,Data Analyst,TCS,Consulting,Hyderabad,Remote,Entry,"? 3,00,000","? 6,00,000","Data Cleaning, Python, Statistics, Power BI",2026-01-25,2026-02-12,"? 4,50,000"
DA0184,Data Analyst,Deloitte,Finance,Gurgaon,Remote,Mid,"? 11,00,000","? 13,00,000","Machine Learning, Python, Statistics, Communication",2026-03-31,2026-05-05,"? 12,00,000"
DA0185,Data Analyst,EY,E-commerce,Kolkata,Onsite,Entry,"? 5,00,000","? 8,00,000","Data Cleaning, SQL, Communication, Machine Learning, Power BI, ETL",2026-03-07,2026-04-09,"? 6,50,000"
DA0186,Data Analyst,Flipkart,Consulting,Gurgaon,Remote,Senior,"? 20,00,000","? 25,00,000","Tableau, Power BI, Python, ETL, SQL, Data Cleaning",2026-02-03,2026-03-10,"? 22,50,000"
DA0187,Data Analyst,PwC,Consulting,Noida,Remote,Senior,"? 23,00,000","? 29,00,000","Data Cleaning, Power BI, Statistics, SQL, Machine Learning, Tableau",2026-03-04,2026-04-18,"? 26,00,000"
DA0188,Data Analyst,HCLTech,Product,Hyderabad,Onsite,Entry,"? 3,00,000","? 6,00,000","Excel, Machine Learning, Power BI",2026-03-27,2026-05-03,"? 4,50,000"
DA0189,Data Analyst,Amazon,Telecom,Kolkata,Onsite,Entry,"? 4,00,000","? 10,00,000","Excel, Data Cleaning, ETL, Communication, Machine Learning",2026-02-28,2026-03-15,"? 7,00,000"
DA0190,Data Analyst,Infosys,IT Services,Noida,Onsite,Mid,"? 10,00,000","? 16,00,000","ETL, Machine Learning, Power BI",2026-02-06,2026-02-28,"? 13,00,000"
DA0191,Data Analyst,Google,Consulting,Pune,Remote,Entry,"? 5,00,000","? 8,00,000","SQL, Statistics, Machine Learning, Python, Tableau, Communication",2026-02-04,2026-03-17,"? 6,50,000"
DA0192,Data Analyst,Google,Consulting,Delhi NCR,Hybrid,Mid,"? 8,00,000","? 12,00,000","Machine Learning, ETL, Data Cleaning, Excel, Statistics, Communication",2026-02-21,2026-04-04,"? 10,00,000"
DA0193,Data Analyst,Deloitte,IT Services,Delhi NCR,Remote,Entry,"? 5,00,000","? 10,00,000","Python, Communication, Data Cleaning",2026-01-13,2026-02-26,"? 7,50,000"
DA0194,Data Analyst,Infosys,E-commerce,Mumbai,Remote,Entry,"? 3,00,000","? 7,00,000","Python, Power BI, Machine Learning",2026-02-10,2026-03-04,"? 5,00,000"
DA0195,Data Analyst,EY,IT Services,Delhi NCR,Hybrid,Mid,"? 11,00,000","? 17,00,000","Machine Learning, Power BI, SQL, Tableau, Statistics",2026-03-11,2026-04-02,"? 14,00,000"
DA0196,Data Analyst,Accenture,E-commerce,Noida,Hybrid,Mid,"? 10,00,000","? 16,00,000","Statistics, Excel, Tableau, Machine Learning, Python, Communication",2026-03-20,2026-04-17,"? 13,00,000"
DA0197,Data Analyst,KPMG,Product,Mumbai,Remote,Entry,"? 6,00,000","? 6,00,000","Python, SQL, ETL, Power BI, Data Cleaning",2026-03-21,2026-04-17,"? 6,00,000"
DA0198,Data Analyst,Infosys,Consulting,Kolkata,Hybrid,Entry,"? 3,00,000","? 6,00,000","Data Cleaning, Statistics, Tableau, Excel, SQL",2026-01-01,2026-02-02,"? 4,50,000"
DA0199,Data Analyst,Flipkart,Telecom,Chennai,Hybrid,Mid,"? 11,00,000","? 12,00,000","Statistics, ETL, SQL",2026-01-04,2026-01-19,"? 11,50,000"
DA0200,Data Analyst,KPMG,Consulting,Mumbai,Hybrid,Entry,"? 6,00,000","? 6,00,000","Communication, ETL, Power BI, Statistics",2026-03-13,2026-04-06,"? 6,00,000"
DA0201,Data Analyst,Deloitte,Consulting,Gurgaon,Remote,Entry,"? 4,00,000","? 6,00,000","Tableau, Machine Learning, Communication, Python, Excel, Power BI",2026-01-22,2026-02-25,"? 5,00,000"
DA0202,Data Analyst,Reliance,E-commerce,Gurgaon,Hybrid,Entry,"? 3,00,000","? 7,00,000","Machine Learning, Statistics, Communication",2026-02-08,2026-03-08,"? 5,00,000"
DA0203,Data Analyst,KPMG,E-commerce,Pune,Remote,Mid,"? 12,00,000","? 13,00,000","Communication, Python, Data Cleaning, Power BI, SQL",2026-02-08,2026-03-17,"? 12,50,000"
DA0204,Data Analyst,Flipkart,Consulting,Noida,Onsite,Mid,"? 12,00,000","? 18,00,000","Machine Learning, Tableau, Communication, Power BI, Excel",2026-02-01,2026-03-09,"? 15,00,000"
DA0205,Data Analyst,HCLTech,Finance,Gurgaon,Onsite,Mid,"? 8,00,000","? 17,00,000","Data Cleaning, Tableau, SQL, Machine Learning",2026-03-01,2026-04-05,"? 12,50,000"
DA0206,Data Analyst,Amazon,Product,Kolkata,Remote,Entry,"? 5,00,000","? 7,00,000","SQL, Data Cleaning, ETL, Tableau, Python, Machine Learning",2026-02-24,2026-03-12,"? 6,00,000"
DA0207,Data Analyst,Wipro,Product,Bangalore,Remote,Mid,"? 10,00,000","? 17,00,000","SQL, Python, Statistics",2026-03-10,2026-04-14,"? 13,50,000"
DA0208,Data Analyst,Google,Telecom,Noida,Remote,Mid,"? 11,00,000","? 18,00,000","SQL, Excel, Communication, Power BI, Data Cleaning, Tableau",2026-02-12,2026-03-21,"? 14,50,000"
DA0209,Data Analyst,Infosys,E-commerce,Kolkata,Onsite,Mid,"? 11,00,000","? 14,00,000","Communication, ETL, Power BI, Data Cleaning, Excel, Python",2026-02-20,2026-03-10,"? 12,50,000"
DA0210,Data Analyst,Infosys,Finance,Gurgaon,Hybrid,Mid,"? 9,00,000","? 14,00,000","Data Cleaning, Python, Communication, Power BI, ETL",2026-02-09,2026-02-26,"? 11,50,000"
DA0211,Data Analyst,Amazon,Consulting,Chennai,Remote,Entry,"? 3,00,000","? 6,00,000","Power BI, Python, Communication",2026-02-13,2026-03-13,"? 4,50,000"
DA0212,Data Analyst,Google,Telecom,Hyderabad,Hybrid,Senior,"? 21,00,000","? 31,00,000","Power BI, Machine Learning, ETL, Excel",2026-03-22,2026-04-24,"? 26,00,000"
DA0213,Data Analyst,Accenture,Finance,Delhi NCR,Hybrid,Entry,"? 3,00,000","? 7,00,000","SQL, Communication, Power BI, Data Cleaning, Machine Learning",2026-01-27,2026-03-04,"? 5,00,000"
DA0214,Data Analyst,Wipro,Product,Pune,Remote,Senior,"? 23,00,000","? 34,00,000","Communication, SQL, Statistics, Power BI, Python, Tableau",2026-02-19,2026-03-24,"? 28,50,000"
DA0215,Data Analyst,Google,Consulting,Noida,Hybrid,Entry,"? 4,00,000","? 8,00,000","Tableau, SQL, Power BI, Data Cleaning",2026-01-16,2026-02-13,"? 6,00,000"
DA0216,Data Analyst,Wipro,Finance,Pune,Onsite,Mid,"? 12,00,000","? 15,00,000","Data Cleaning, ETL, Power BI, Tableau",2026-02-24,2026-03-16,"? 13,50,000"
DA0217,Data Analyst,Amazon,Telecom,Gurgaon,Hybrid,Entry,"? 6,00,000","? 10,00,000","Excel, Data Cleaning, Power BI, SQL, Python",2026-01-07,2026-02-12,"? 8,00,000"
DA0218,Data Analyst,Deloitte,IT Services,Pune,Onsite,Entry,"? 6,00,000","? 9,00,000","Communication, Excel, Python",2026-01-22,2026-02-23,"? 7,50,000"
DA0219,Data Analyst,Reliance,Telecom,Chennai,Remote,Entry,"? 6,00,000","? 10,00,000","Communication, SQL, Tableau",2026-03-05,2026-04-15,"? 8,00,000"
DA0220,Data Analyst,Deloitte,E-commerce,Delhi NCR,Hybrid,Mid,"? 11,00,000","? 16,00,000","SQL, Python, Tableau, Machine Learning, Excel, ETL",2026-01-28,2026-03-11,"? 13,50,000"
DA0221,Data Analyst,Reliance,Consulting,Hyderabad,Onsite,Senior,"? 21,00,000","? 28,00,000","Communication, Machine Learning, Power BI, Tableau, SQL",2026-03-17,2026-04-19,"? 24,50,000"
DA0222,Data Analyst,Deloitte,Telecom,Delhi NCR,Onsite,Entry,"? 5,00,000","? 10,00,000","Statistics, Tableau, ETL, Data Cleaning",2026-03-10,2026-04-24,"? 7,50,000"
DA0223,Data Analyst,EY,Consulting,Kolkata,Hybrid,Mid,"? 11,00,000","? 12,00,000","Power BI, Python, Communication, Statistics",2026-02-05,2026-02-24,"? 11,50,000"
DA0224,Data Analyst,Google,E-commerce,Gurgaon,Hybrid,Mid,"? 10,00,000","? 17,00,000","Data Cleaning, SQL, ETL, Python, Tableau, Power BI",2026-02-23,2026-03-20,"? 13,50,000"
DA0225,Data Analyst,HCLTech,Consulting,Gurgaon,Hybrid,Mid,"? 8,00,000","? 17,00,000","SQL, ETL, Machine Learning, Communication, Python",2026-02-28,2026-03-25,"? 12,50,000"
DA0226,Data Analyst,Reliance,IT Services,Bangalore,Onsite,Mid,"? 10,00,000","? 16,00,000","Communication, Data Cleaning, Statistics, ETL",2026-03-15,2026-04-19,"? 13,00,000"
DA0227,Data Analyst,Accenture,Product,Mumbai,Remote,Mid,"? 11,00,000","? 12,00,000","Data Cleaning, Communication, Excel, Python",2026-01-16,2026-02-09,"? 11,50,000"
DA0228,Data Analyst,Wipro,IT Services,Kolkata,Remote,Entry,"? 5,00,000","? 6,00,000","Tableau, SQL, Statistics, Data Cleaning, Machine Learning",2026-03-25,2026-04-18,"? 5,50,000"
DA0229,Data Analyst,PwC,IT Services,Mumbai,Remote,Mid,"? 9,00,000","? 15,00,000","SQL, Excel, Python",2026-03-25,2026-04-16,"? 12,00,000"
DA0230,Data Analyst,Accenture,Finance,Delhi NCR,Remote,Mid,"? 11,00,000","? 12,00,000","SQL, Machine Learning, Power BI, Python, Excel",2026-01-02,2026-02-11,"? 11,50,000"
DA0231,Data Analyst,Amazon,Telecom,Bangalore,Remote,Entry,"? 5,00,000","? 8,00,000","Machine Learning, Power BI, ETL, Excel",2026-02-08,2026-03-15,"? 6,50,000"
DA0232,Data Analyst,Infosys,Consulting,Delhi NCR,Remote,Entry,"? 5,00,000","? 7,00,000","Machine Learning, Data Cleaning, Python, Excel",2026-03-22,2026-04-29,"? 6,00,000"
DA0233,Data Analyst,Flipkart,Telecom,Pune,Remote,Entry,"? 6,00,000","? 8,00,000","Tableau, SQL, Python, Communication",2026-01-18,2026-02-02,"? 7,00,000"
DA0234,Data Analyst,Reliance,Consulting,Gurgaon,Hybrid,Mid,"? 10,00,000","? 13,00,000","Machine Learning, Tableau, Excel, Communication",2026-03-08,2026-03-26,"? 11,50,000"
DA0235,Data Analyst,KPMG,E-commerce,Noida,Remote,Entry,"? 3,00,000","? 10,00,000","Statistics, Power BI, Machine Learning, Data Cleaning, Tableau",2026-01-02,2026-01-22,"? 6,50,000"
DA0236,Data Analyst,TCS,IT Services,Kolkata,Remote,Mid,"? 8,00,000","? 12,00,000","Excel, Tableau, Python",2026-03-17,2026-04-10,"? 10,00,000"
DA0237,Data Analyst,Infosys,Telecom,Hyderabad,Onsite,Mid,"? 12,00,000","? 18,00,000","Machine Learning, SQL, Power BI, Data Cleaning, Excel, Communication",2026-02-23,2026-03-27,"? 15,00,000"
DA0238,Data Analyst,PwC,Telecom,Bangalore,Hybrid,Entry,"? 3,00,000","? 8,00,000","Python, Excel, Communication, ETL, Data Cleaning, Machine Learning",2026-03-31,2026-05-06,"? 5,50,000"
DA0239,Data Analyst,Amazon,Telecom,Pune,Onsite,Mid,"? 9,00,000","? 12,00,000","Excel, Power BI, Data Cleaning, ETL",2026-01-02,2026-01-28,"? 10,50,000"
DA0240,Data Analyst,Flipkart,Product,Delhi NCR,Hybrid,Entry,"? 5,00,000","? 6,00,000","Machine Learning, Tableau, SQL, Power BI, Statistics",2026-01-04,2026-02-02,"? 5,50,000"
DA0241,Data Analyst,Infosys,Telecom,Delhi NCR,Onsite,Mid,"? 8,00,000","? 15,00,000","Statistics, Power BI, Tableau, Machine Learning",2026-03-14,2026-04-21,"? 11,50,000"
DA0242,Data Analyst,Wipro,Consulting,Bangalore,Remote,Mid,"? 8,00,000","? 18,00,000","Excel, Data Cleaning, Statistics, Python",2026-01-02,2026-02-11,"? 13,00,000"
DA0243,Data Analyst,Infosys,Telecom,Chennai,Onsite,Senior,"? 24,00,000","? 28,00,000","Machine Learning, Statistics, Tableau, Communication",2026-02-11,2026-03-14,"? 26,00,000"
DA0244,Data Analyst,HCLTech,E-commerce,Pune,Hybrid,Mid,"? 8,00,000","? 13,00,000","Machine Learning, SQL, Data Cleaning",2026-01-29,2026-02-15,"? 10,50,000"
DA0245,Data Analyst,Flipkart,Finance,Hyderabad,Remote,Mid,"? 8,00,000","? 14,00,000","Communication, Tableau, Python, Data Cleaning, Power BI",2026-01-26,2026-03-10,"? 11,00,000"
DA0246,Data Analyst,EY,IT Services,Kolkata,Remote,Mid,"? 9,00,000","? 13,00,000","Excel, Python, Statistics, Data Cleaning, Machine Learning, Communication",2026-01-01,2026-02-08,"? 11,00,000"
DA0247,Data Analyst,TCS,Consulting,Noida,Hybrid,Entry,"? 4,00,000","? 10,00,000","Data Cleaning, Excel, Power BI, Statistics, Communication, ETL",2026-01-31,2026-03-09,"? 7,00,000"
DA0248,Data Analyst,Infosys,Telecom,Bangalore,Hybrid,Senior,"? 25,00,000","? 26,00,000","ETL, Power BI, Machine Learning",2026-03-16,2026-04-21,"? 25,50,000"
DA0249,Data Analyst,Accenture,IT Services,Hyderabad,Onsite,Senior,"? 21,00,000","? 29,00,000","Machine Learning, Statistics, ETL, Python, Power BI",2026-02-03,2026-03-14,"? 25,00,000"
DA0250,Data Analyst,Infosys,Telecom,Chennai,Onsite,Mid,"? 8,00,000","? 13,00,000","Data Cleaning, Communication, Statistics, Python",2026-01-14,2026-02-12,"? 10,50,000"
DA0251,Data Analyst,HCLTech,E-commerce,Mumbai,Onsite,Entry,"? 5,00,000","? 6,00,000","Tableau, Excel, Python, Machine Learning",2026-01-12,2026-02-18,"? 5,50,000"
DA0252,Data Analyst,TCS,Finance,Gurgaon,Remote,Entry,"? 5,00,000","? 9,00,000","Tableau, Communication, Power BI",2026-03-07,2026-04-14,"? 7,00,000"
DA0253,Data Analyst,Reliance,Consulting,Mumbai,Onsite,Mid,"? 8,00,000","? 15,00,000","SQL, Excel, ETL, Machine Learning",2026-01-14,2026-02-24,"? 11,50,000"
DA0254,Data Analyst,PwC,Consulting,Delhi NCR,Hybrid,Entry,"? 3,00,000","? 10,00,000","SQL, Excel, Communication, Data Cleaning, Statistics",2026-03-17,2026-04-04,"? 6,50,000"
DA0255,Data Analyst,Wipro,E-commerce,Hyderabad,Onsite,Entry,"? 6,00,000","? 6,00,000","Machine Learning, Data Cleaning, Excel, Python, Statistics, Communication",2026-01-22,2026-02-14,"? 6,00,000"
DA0256,Data Analyst,PwC,IT Services,Delhi NCR,Hybrid,Entry,"? 4,00,000","? 6,00,000","Tableau, Data Cleaning, Machine Learning, Communication",2026-03-20,2026-04-16,"? 5,00,000"
DA0257,Data Analyst,Amazon,Finance,Chennai,Remote,Entry,"? 4,00,000","? 10,00,000","Machine Learning, Statistics, Data Cleaning",2026-02-01,2026-03-04,"? 7,00,000"
DA0258,Data Analyst,TCS,Finance,Noida,Hybrid,Entry,"? 5,00,000","? 7,00,000","Communication, Python, Excel, Machine Learning, Power BI",2026-01-04,2026-02-12,"? 6,00,000"
DA0259,Data Analyst,Accenture,Telecom,Kolkata,Hybrid,Mid,"? 9,00,000","? 13,00,000","Python, Tableau, Excel, Machine Learning",2026-01-13,2026-02-26,"? 11,00,000"
DA0260,Data Analyst,Wipro,Telecom,Hyderabad,Hybrid,Mid,"? 9,00,000","? 13,00,000","Statistics, Excel, Communication, Tableau, Machine Learning",2026-01-31,2026-03-04,"? 11,00,000"
DA0261,Data Analyst,Amazon,Finance,Bangalore,Hybrid,Entry,"? 6,00,000","? 6,00,000","Python, Communication, Excel",2026-01-12,2026-02-25,"? 6,00,000"
DA0262,Data Analyst,Wipro,IT Services,Noida,Hybrid,Mid,"? 9,00,000","? 14,00,000","Excel, Communication, Power BI, Tableau, Statistics",2026-01-23,2026-03-09,"? 11,50,000"
DA0263,Data Analyst,KPMG,Product,Gurgaon,Remote,Entry,"? 6,00,000","? 10,00,000","Tableau, Statistics, Power BI, SQL, ETL",2026-01-13,2026-02-07,"? 8,00,000"
DA0264,Data Analyst,Wipro,Product,Bangalore,Remote,Entry,"? 5,00,000","? 7,00,000","Machine Learning, Tableau, ETL, SQL",2026-03-27,2026-05-11,"? 6,00,000"
DA0265,Data Analyst,EY,Product,Delhi NCR,Onsite,Mid,"? 12,00,000","? 12,00,000","Communication, Python, SQL, ETL, Data Cleaning",2026-01-24,2026-02-19,"? 12,00,000"
DA0266,Data Analyst,Google,IT Services,Chennai,Hybrid,Senior,"? 20,00,000","? 35,00,000","Data Cleaning, Excel, Tableau, SQL, Machine Learning",2026-01-12,2026-02-21,"? 27,50,000"
DA0267,Data Analyst,Amazon,Finance,Delhi NCR,Hybrid,Entry,"? 3,00,000","? 6,00,000","Machine Learning, Power BI, Communication, Python, Data Cleaning, ETL",2026-02-19,2026-03-31,"? 4,50,000"
DA0268,Data Analyst,EY,E-commerce,Delhi NCR,Onsite,Senior,"? 21,00,000","? 27,00,000","Excel, Tableau, Communication",2026-02-27,2026-03-24,"? 24,00,000"
DA0269,Data Analyst,KPMG,Product,Mumbai,Remote,Entry,"? 6,00,000","? 7,00,000","Statistics, Data Cleaning, Excel",2026-01-10,2026-02-22,"? 6,50,000"
DA0270,Data Analyst,Deloitte,E-commerce,Hyderabad,Onsite,Entry,"? 3,00,000","? 6,00,000","Python, Machine Learning, Tableau, Statistics",2026-02-12,2026-02-28,"? 4,50,000"
DA0271,Data Analyst,Microsoft,Telecom,Gurgaon,Onsite,Entry,"? 6,00,000","? 7,00,000","Excel, Machine Learning, SQL, Power BI, Statistics",2026-01-07,2026-01-25,"? 6,50,000"
DA0272,Data Analyst,Infosys,Product,Noida,Hybrid,Entry,"? 4,00,000","? 8,00,000","SQL, Tableau, Machine Learning, Python, Data Cleaning, Power BI",2026-01-11,2026-01-31,"? 6,00,000"
DA0273,Data Analyst,HCLTech,E-commerce,Bangalore,Onsite,Entry,"? 6,00,000","? 8,00,000","Excel, Tableau, Data Cleaning, Python, Power BI, SQL",2026-01-24,2026-03-04,"? 7,00,000"
DA0274,Data Analyst,HCLTech,Finance,Noida,Hybrid,Mid,"? 8,00,000","? 12,00,000","ETL, Machine Learning, Python, Tableau, Excel",2026-03-27,2026-05-11,"? 10,00,000"
DA0275,Data Analyst,Amazon,Telecom,Noida,Remote,Mid,"? 11,00,000","? 16,00,000","Tableau, SQL, Machine Learning, Data Cleaning, Statistics, Excel",2026-01-31,2026-03-08,"? 13,50,000"
DA0276,Data Analyst,TCS,Finance,Delhi NCR,Remote,Senior,"? 20,00,000","? 26,00,000","Power BI, Python, ETL, SQL",2026-02-27,2026-03-27,"? 23,00,000"
DA0277,Data Analyst,Amazon,E-commerce,Pune,Remote,Entry,"? 4,00,000","? 10,00,000","SQL, Communication, Machine Learning, Tableau, Python",2026-02-03,2026-03-04,"? 7,00,000"
DA0278,Data Analyst,Flipkart,IT Services,Delhi NCR,Remote,Senior,"? 18,00,000","? 34,00,000","SQL, Machine Learning, Power BI, Communication, Tableau, Statistics",2026-03-17,2026-04-25,"? 26,00,000"
DA0279,Data Analyst,TCS,Consulting,Pune,Hybrid,Entry,"? 5,00,000","? 10,00,000","Tableau, Machine Learning, Data Cleaning, Communication, ETL, Python",2026-02-14,2026-03-05,"? 7,50,000"
DA0280,Data Analyst,TCS,E-commerce,Pune,Hybrid,Mid,"? 11,00,000","? 12,00,000","Python, Excel, Data Cleaning, Power BI, Machine Learning",2026-02-20,2026-03-15,"? 11,50,000"
DA0281,Data Analyst,Google,Finance,Delhi NCR,Onsite,Mid,"? 8,00,000","? 18,00,000","Tableau, Data Cleaning, Statistics, Power BI",2026-01-30,2026-02-28,"? 13,00,000"
DA0282,Data Analyst,Google,Telecom,Kolkata,Onsite,Entry,"? 6,00,000","? 9,00,000","Excel, ETL, Power BI, Communication, Data Cleaning",2026-03-08,2026-04-16,"? 7,50,000"
DA0283,Data Analyst,TCS,E-commerce,Hyderabad,Hybrid,Senior,"? 18,00,000","? 27,00,000","Excel, Python, Communication, ETL",2026-01-25,2026-02-20,"? 22,50,000"
DA0284,Data Analyst,PwC,Telecom,Gurgaon,Onsite,Mid,"? 12,00,000","? 15,00,000","Excel, Python, Statistics",2026-03-23,2026-05-07,"? 13,50,000"
DA0285,Data Analyst,Wipro,Telecom,Hyderabad,Onsite,Senior,"? 23,00,000","? 30,00,000","SQL, Tableau, Excel, Python, Data Cleaning",2026-01-21,2026-02-25,"? 26,50,000"
DA0286,Data Analyst,Flipkart,IT Services,Hyderabad,Hybrid,Entry,"? 4,00,000","? 8,00,000","ETL, Excel, Communication, Python, SQL, Statistics",2026-03-25,2026-04-28,"? 6,00,000"
DA0287,Data Analyst,Accenture,Finance,Pune,Remote,Mid,"? 10,00,000","? 17,00,000","Machine Learning, Communication, Statistics, Python, Power BI",2026-04-01,2026-05-02,"? 13,50,000"
DA0288,Data Analyst,Deloitte,Product,Delhi NCR,Hybrid,Mid,"? 11,00,000","? 16,00,000","ETL, Statistics, Tableau",2026-01-14,2026-01-31,"? 13,50,000"
DA0289,Data Analyst,TCS,Telecom,Kolkata,Remote,Entry,"? 5,00,000","? 8,00,000","Tableau, Python, Power BI, Communication, SQL",2026-02-05,2026-03-02,"? 6,50,000"
DA0290,Data Analyst,TCS,Telecom,Hyderabad,Hybrid,Mid,"? 8,00,000","? 17,00,000","Tableau, Machine Learning, ETL, Python, Statistics",2026-03-05,2026-04-12,"? 12,50,000"
DA0291,Data Analyst,Amazon,Consulting,Pune,Onsite,Mid,"? 12,00,000","? 17,00,000","ETL, Tableau, Power BI, Machine Learning, Statistics",2026-03-02,2026-04-01,"? 14,50,000"
DA0292,Data Analyst,HCLTech,E-commerce,Kolkata,Hybrid,Entry,"? 5,00,000","? 10,00,000","SQL, Python, Statistics, Communication, Data Cleaning",2026-01-24,2026-02-19,"? 7,50,000"
DA0293,Data Analyst,HCLTech,Product,Kolkata,Remote,Entry,"? 5,00,000","? 9,00,000","Excel, SQL, Data Cleaning, ETL, Tableau, Communication",2026-01-16,2026-02-09,"? 7,00,000"
DA0294,Data Analyst,Wipro,IT Services,Gurgaon,Hybrid,Entry,"? 4,00,000","? 7,00,000","Machine Learning, Data Cleaning, Power BI, ETL, Statistics",2026-01-26,2026-03-02,"? 5,50,000"
DA0295,Data Analyst,Reliance,Consulting,Mumbai,Hybrid,Senior,"? 23,00,000","? 35,00,000","Data Cleaning, Tableau, Python",2026-01-08,2026-02-17,"? 29,00,000"
DA0296,Data Analyst,TCS,Telecom,Hyderabad,Remote,Mid,"? 8,00,000","? 13,00,000","Machine Learning, Communication, ETL, Python, Data Cleaning, Excel",2026-03-20,2026-04-15,"? 10,50,000"
DA0297,Data Analyst,Google,E-commerce,Pune,Onsite,Senior,"? 23,00,000","? 33,00,000","Excel, Python, ETL",2026-01-25,2026-02-12,"? 28,00,000"
DA0298,Data Analyst,Google,Telecom,Noida,Hybrid,Entry,"? 5,00,000","? 7,00,000","Tableau, Communication, Data Cleaning",2026-01-09,2026-02-06,"? 6,00,000"
DA0299,Data Analyst,Accenture,Product,Mumbai,Onsite,Senior,"? 20,00,000","? 30,00,000","Python, Power BI, Machine Learning, Excel, SQL",2026-03-04,2026-04-11,"? 25,00,000"
DA0300,Data Analyst,Flipkart,IT Services,Delhi NCR,Remote,Entry,"? 4,00,000","? 6,00,000","Machine Learning, Tableau, Excel",2026-02-16,2026-03-29,"? 5,00,000"
DA0301,Data Analyst,Accenture,Product,Bangalore,Hybrid,Entry,"? 3,00,000","? 9,00,000","SQL, ETL, Tableau, Python, Statistics, Communication",2026-02-26,2026-03-26,"? 6,00,000"
DA0302,Data Analyst,Infosys,IT Services,Gurgaon,Onsite,Mid,"? 12,00,000","? 14,00,000","Machine Learning, SQL, ETL, Power BI",2026-03-21,2026-04-24,"? 13,00,000"
DA0303,Data Analyst,PwC,Consulting,Gurgaon,Hybrid,Entry,"? 5,00,000","? 10,00,000","Machine Learning, Tableau, Power BI, Excel, ETL",2026-01-26,2026-02-17,"? 7,50,000"
DA0304,Data Analyst,Deloitte,Product,Hyderabad,Hybrid,Entry,"? 3,00,000","? 6,00,000","Power BI, SQL, ETL, Statistics, Machine Learning, Excel",2026-03-15,2026-04-08,"? 4,50,000"
DA0305,Data Analyst,KPMG,Product,Delhi NCR,Onsite,Entry,"? 3,00,000","? 6,00,000","Tableau, Statistics, ETL",2026-01-23,2026-03-06,"? 4,50,000"
DA0306,Data Analyst,Deloitte,Product,Delhi NCR,Hybrid,Mid,"? 8,00,000","? 12,00,000","Statistics, Communication, Data Cleaning, Tableau",2026-01-18,2026-02-28,"? 10,00,000"
DA0307,Data Analyst,Infosys,Consulting,Bangalore,Onsite,Entry,"? 3,00,000","? 9,00,000","Tableau, Machine Learning, Data Cleaning, ETL, Python, SQL",2026-02-21,2026-03-11,"? 6,00,000"
DA0308,Data Analyst,PwC,Finance,Delhi NCR,Hybrid,Entry,"? 6,00,000","? 10,00,000","Power BI, Machine Learning, Statistics, Tableau, Excel, SQL",2026-03-28,2026-04-26,"? 8,00,000"
DA0309,Data Analyst,Microsoft,Product,Hyderabad,Hybrid,Entry,"? 5,00,000","? 8,00,000","Statistics, ETL, SQL, Python",2026-01-02,2026-01-28,"? 6,50,000"
DA0310,Data Analyst,HCLTech,Finance,Mumbai,Onsite,Mid,"? 11,00,000","? 13,00,000","Excel, Power BI, Data Cleaning",2026-03-13,2026-04-21,"? 12,00,000"
DA0311,Data Analyst,KPMG,Consulting,Delhi NCR,Hybrid,Entry,"? 4,00,000","? 8,00,000","ETL, Python, Machine Learning",2026-02-05,2026-03-06,"? 6,00,000"
DA0312,Data Analyst,Infosys,Finance,Kolkata,Onsite,Mid,"? 11,00,000","? 12,00,000","Statistics, SQL, Data Cleaning, Communication, Machine Learning, Excel",2026-03-05,2026-04-06,"? 11,50,000"
DA0313,Data Analyst,PwC,E-commerce,Chennai,Onsite,Mid,"? 8,00,000","? 18,00,000","ETL, Communication, Python, Statistics, Machine Learning",2026-03-19,2026-04-29,"? 13,00,000"
DA0314,Data Analyst,TCS,E-commerce,Chennai,Remote,Entry,"? 6,00,000","? 8,00,000","Statistics, Data Cleaning, SQL, Excel, Communication, ETL",2026-03-13,2026-04-27,"? 7,00,000"
DA0315,Data Analyst,Wipro,Product,Kolkata,Onsite,Mid,"? 12,00,000","? 16,00,000","Excel, Power BI, Data Cleaning",2026-02-17,2026-03-12,"? 14,00,000"
DA0316,Data Analyst,Reliance,Finance,Bangalore,Remote,Mid,"? 9,00,000","? 12,00,000","Data Cleaning, Python, Statistics, Excel",2026-02-20,2026-04-02,"? 10,50,000"
DA0317,Data Analyst,Google,IT Services,Noida,Hybrid,Mid,"? 8,00,000","? 18,00,000","Communication, ETL, Power BI, Python, Excel, Tableau",2026-02-27,2026-04-09,"? 13,00,000"
DA0318,Data Analyst,Flipkart,Telecom,Chennai,Remote,Mid,"? 12,00,000","? 18,00,000","Power BI, SQL, Machine Learning, Statistics",2026-01-23,2026-03-07,"? 15,00,000"
DA0319,Data Analyst,Flipkart,Product,Noida,Hybrid,Entry,"? 4,00,000","? 8,00,000","Tableau, Data Cleaning, Power BI, SQL, Python",2026-02-20,2026-04-02,"? 6,00,000"
DA0320,Data Analyst,EY,Product,Mumbai,Remote,Mid,"? 10,00,000","? 17,00,000","Python, Communication, Tableau, Statistics",2026-03-12,2026-04-16,"? 13,50,000"
DA0321,Data Analyst,Microsoft,Product,Kolkata,Remote,Senior,"? 20,00,000","? 33,00,000","SQL, Statistics, Data Cleaning, Tableau, Machine Learning",2026-03-11,2026-04-18,"? 26,50,000"
DA0322,Data Analyst,TCS,Product,Bangalore,Onsite,Senior,"? 22,00,000","? 31,00,000","Excel, Machine Learning, Power BI",2026-01-02,2026-01-25,"? 26,50,000"
DA0323,Data Analyst,TCS,E-commerce,Gurgaon,Onsite,Mid,"? 9,00,000","? 14,00,000","Power BI, Excel, Tableau, SQL, Data Cleaning",2026-03-29,2026-05-02,"? 11,50,000"
DA0324,Data Analyst,KPMG,Finance,Kolkata,Remote,Senior,"? 21,00,000","? 35,00,000","Python, ETL, Tableau, Statistics, Machine Learning, Excel",2026-03-13,2026-04-07,"? 28,00,000"
DA0325,Data Analyst,Google,Product,Chennai,Remote,Senior,"? 18,00,000","? 25,00,000","Communication, Data Cleaning, Python, Statistics",2026-02-02,2026-03-06,"? 21,50,000"
DA0326,Data Analyst,Google,Telecom,Delhi NCR,Hybrid,Mid,"? 9,00,000","? 18,00,000","Data Cleaning, Power BI, SQL, Communication, Machine Learning",2026-01-25,2026-02-10,"? 13,50,000"
DA0327,Data Analyst,TCS,Consulting,Chennai,Remote,Entry,"? 5,00,000","? 7,00,000","Excel, Statistics, Data Cleaning, ETL, SQL",2026-01-21,2026-02-06,"? 6,00,000"
DA0328,Data Analyst,EY,Telecom,Hyderabad,Onsite,Mid,"? 12,00,000","? 18,00,000","Data Cleaning, ETL, Statistics, Excel, Communication",2026-03-26,2026-04-26,"? 15,00,000"
DA0329,Data Analyst,EY,E-commerce,Pune,Onsite,Entry,"? 4,00,000","? 9,00,000","SQL, Statistics, Python, Communication, ETL, Power BI",2026-03-11,2026-04-25,"? 6,50,000"
DA0330,Data Analyst,Accenture,Product,Hyderabad,Onsite,Mid,"? 12,00,000","? 15,00,000","SQL, Statistics, Data Cleaning",2026-03-13,2026-04-18,"? 13,50,000"
DA0331,Data Analyst,Amazon,Telecom,Gurgaon,Hybrid,Senior,"? 24,00,000","? 26,00,000","ETL, Tableau, Excel, Communication, Power BI",2026-02-19,2026-03-07,"? 25,00,000"
DA0332,Data Analyst,Microsoft,IT Services,Hyderabad,Remote,Entry,"? 4,00,000","? 8,00,000","SQL, Power BI, Excel",2026-03-07,2026-04-11,"? 6,00,000"
DA0333,Data Analyst,Microsoft,Consulting,Bangalore,Hybrid,Mid,"? 11,00,000","? 18,00,000","ETL, Machine Learning, SQL, Statistics",2026-01-14,2026-02-20,"? 14,50,000"
DA0334,Data Analyst,HCLTech,Consulting,Pune,Hybrid,Entry,"? 3,00,000","? 6,00,000","Tableau, ETL, SQL, Communication",2026-01-07,2026-02-03,"? 4,50,000"
DA0335,Data Analyst,Microsoft,Product,Delhi NCR,Remote,Entry,"? 6,00,000","? 9,00,000","Machine Learning, SQL, Excel",2026-02-10,2026-03-15,"? 7,50,000"
DA0336,Data Analyst,Deloitte,Finance,Kolkata,Hybrid,Entry,"? 3,00,000","? 8,00,000","Tableau, Communication, SQL",2026-03-06,2026-04-16,"? 5,50,000"
DA0337,Data Analyst,Wipro,E-commerce,Chennai,Onsite,Mid,"? 11,00,000","? 13,00,000","Power BI, Machine Learning, Tableau, Statistics",2026-03-10,2026-04-11,"? 12,00,000"
DA0338,Data Analyst,Deloitte,Consulting,Chennai,Onsite,Senior,"? 20,00,000","? 26,00,000","Communication, Machine Learning, SQL",2026-01-06,2026-02-03,"? 23,00,000"
DA0339,Data Analyst,Wipro,Product,Bangalore,Remote,Senior,"? 20,00,000","? 27,00,000","Communication, Tableau, Python, Excel",2026-01-24,2026-02-22,"? 23,50,000"
DA0340,Data Analyst,Google,Telecom,Gurgaon,Hybrid,Mid,"? 8,00,000","? 14,00,000","Tableau, SQL, Python",2026-03-27,2026-04-22,"? 11,00,000"
DA0341,Data Analyst,PwC,E-commerce,Pune,Remote,Entry,"? 4,00,000","? 6,00,000","Python, Statistics, Data Cleaning",2026-02-06,2026-03-11,"? 5,00,000"
DA0342,Data Analyst,Accenture,Product,Kolkata,Hybrid,Entry,"? 5,00,000","? 8,00,000","Excel, Statistics, Python, Machine Learning",2026-02-24,2026-04-06,"? 6,50,000"
DA0343,Data Analyst,Microsoft,Telecom,Delhi NCR,Hybrid,Entry,"? 5,00,000","? 9,00,000","Statistics, Tableau, Data Cleaning, ETL, Excel, SQL",2026-03-01,2026-04-12,"? 7,00,000"
DA0344,Data Analyst,HCLTech,Telecom,Kolkata,Remote,Mid,"? 12,00,000","? 13,00,000","SQL, Excel, ETL",2026-02-03,2026-02-24,"? 12,50,000"
DA0345,Data Analyst,Wipro,Finance,Noida,Remote,Senior,"? 22,00,000","? 33,00,000","Power BI, Statistics, Machine Learning, SQL, Tableau, Communication",2026-03-11,2026-03-28,"? 27,50,000"
DA0346,Data Analyst,Wipro,Telecom,Mumbai,Remote,Entry,"? 3,00,000","? 7,00,000","ETL, Power BI, Data Cleaning, SQL",2026-03-20,2026-04-27,"? 5,00,000"
DA0347,Data Analyst,Microsoft,Consulting,Noida,Hybrid,Entry,"? 5,00,000","? 6,00,000","Python, SQL, Tableau, Power BI, ETL, Excel",2026-01-29,2026-02-25,"? 5,50,000"
DA0348,Data Analyst,Deloitte,Telecom,Noida,Remote,Entry,"? 6,00,000","? 6,00,000","SQL, ETL, Tableau, Machine Learning, Statistics",2026-01-06,2026-01-26,"? 6,00,000"
DA0349,Data Analyst,Accenture,Telecom,Kolkata,Hybrid,Entry,"? 6,00,000","? 8,00,000","ETL, Tableau, Machine Learning",2026-03-17,2026-04-27,"? 7,00,000"
DA0350,Data Analyst,Wipro,Consulting,Delhi NCR,Remote,Senior,"? 25,00,000","? 32,00,000","ETL, Power BI, Data Cleaning",2026-03-19,2026-04-23,"? 28,50,000"
DA0351,Data Analyst,Google,IT Services,Gurgaon,Remote,Entry,"? 4,00,000","? 7,00,000","Communication, SQL, Python, Data Cleaning, Power BI",2026-01-21,2026-02-20,"? 5,50,000"
DA0352,Data Analyst,Microsoft,Telecom,Bangalore,Remote,Entry,"? 4,00,000","? 9,00,000","Excel, Power BI, ETL, SQL",2026-01-03,2026-01-22,"? 6,50,000"
DA0353,Data Analyst,Flipkart,Finance,Gurgaon,Onsite,Entry,"? 5,00,000","? 7,00,000","Communication, Excel, Tableau, ETL, SQL, Python",2026-03-08,2026-03-30,"? 6,00,000"
DA0354,Data Analyst,Google,Product,Chennai,Hybrid,Mid,"? 12,00,000","? 13,00,000","Communication, ETL, Tableau, SQL",2026-03-16,2026-04-19,"? 12,50,000"
DA0355,Data Analyst,HCLTech,Telecom,Kolkata,Onsite,Mid,"? 9,00,000","? 15,00,000","SQL, Excel, Python, Tableau",2026-02-19,2026-03-25,"? 12,00,000"
DA0356,Data Analyst,Infosys,Finance,Mumbai,Remote,Entry,"? 6,00,000","? 10,00,000","ETL, Communication, SQL",2026-03-18,2026-04-19,"? 8,00,000"
DA0357,Data Analyst,Reliance,Finance,Chennai,Remote,Mid,"? 11,00,000","? 16,00,000","Excel, ETL, Machine Learning, SQL, Python",2026-02-23,2026-04-04,"? 13,50,000"
DA0358,Data Analyst,Infosys,E-commerce,Noida,Hybrid,Mid,"? 12,00,000","? 12,00,000","Tableau, Data Cleaning, Python, Machine Learning",2026-02-24,2026-03-19,"? 12,00,000"
DA0359,Data Analyst,Microsoft,Consulting,Chennai,Hybrid,Entry,"? 3,00,000","? 10,00,000","ETL, Excel, Machine Learning",2026-03-08,2026-04-03,"? 6,50,000"
DA0360,Data Analyst,Microsoft,Finance,Hyderabad,Hybrid,Entry,"? 6,00,000","? 10,00,000","ETL, Machine Learning, Statistics, Tableau, Power BI",2026-02-02,2026-03-06,"? 8,00,000"
DA0361,Data Analyst,Google,Consulting,Delhi NCR,Remote,Mid,"? 11,00,000","? 13,00,000","Tableau, Communication, Statistics, Machine Learning, Data Cleaning, Python",2026-02-17,2026-03-11,"? 12,00,000"
DA0362,Data Analyst,Reliance,IT Services,Mumbai,Hybrid,Entry,"? 4,00,000","? 6,00,000","Statistics, ETL, Excel, SQL, Python, Data Cleaning",2026-01-28,2026-03-13,"? 5,00,000"
DA0363,Data Analyst,KPMG,Finance,Noida,Hybrid,Mid,"? 8,00,000","? 12,00,000","Statistics, SQL, Excel, Communication",2026-02-03,2026-03-12,"? 10,00,000"
DA0364,Data Analyst,Deloitte,Consulting,Bangalore,Remote,Senior,"? 18,00,000","? 27,00,000","Data Cleaning, Excel, Python, Machine Learning, Statistics, Tableau",2026-03-23,2026-04-23,"? 22,50,000"
DA0365,Data Analyst,Wipro,IT Services,Pune,Hybrid,Mid,"? 9,00,000","? 16,00,000","Statistics, Python, Excel",2026-01-22,2026-02-17,"? 12,50,000"
DA0366,Data Analyst,Google,Telecom,Chennai,Hybrid,Mid,"? 11,00,000","? 16,00,000","SQL, Communication, Tableau",2026-01-26,2026-03-12,"? 13,50,000"
DA0367,Data Analyst,Infosys,Telecom,Delhi NCR,Remote,Mid,"? 9,00,000","? 16,00,000","Machine Learning, Excel, Tableau, SQL, Python, Data Cleaning",2026-01-25,2026-02-18,"? 12,50,000"
DA0368,Data Analyst,Reliance,E-commerce,Gurgaon,Remote,Entry,"? 3,00,000","? 10,00,000","Data Cleaning, Machine Learning, Communication, ETL, SQL",2026-02-02,2026-03-03,"? 6,50,000"
DA0369,Data Analyst,Accenture,E-commerce,Kolkata,Hybrid,Senior,"? 18,00,000","? 32,00,000","SQL, Machine Learning, Python, Statistics, ETL",2026-01-15,2026-02-15,"? 25,00,000"
DA0370,Data Analyst,Amazon,Consulting,Gurgaon,Hybrid,Mid,"? 10,00,000","? 13,00,000","Machine Learning, Statistics, SQL",2026-02-06,2026-03-04,"? 11,50,000"
DA0371,Data Analyst,Accenture,E-commerce,Hyderabad,Onsite,Entry,"? 5,00,000","? 7,00,000","Data Cleaning, Python, ETL, Statistics",2026-03-29,2026-04-19,"? 6,00,000"
DA0372,Data Analyst,Flipkart,IT Services,Noida,Onsite,Mid,"? 12,00,000","? 14,00,000","SQL, Communication, Data Cleaning",2026-01-20,2026-03-03,"? 13,00,000"
DA0373,Data Analyst,Reliance,Telecom,Mumbai,Onsite,Entry,"? 5,00,000","? 9,00,000","Data Cleaning, Power BI, Tableau, Python, SQL",2026-03-15,2026-04-15,"? 7,00,000"
DA0374,Data Analyst,Amazon,Finance,Chennai,Remote,Mid,"? 11,00,000","? 16,00,000","Machine Learning, Power BI, Data Cleaning, Excel, Statistics",2026-01-05,2026-01-20,"? 13,50,000"
DA0375,Data Analyst,Wipro,Telecom,Pune,Onsite,Entry,"? 4,00,000","? 9,00,000","Statistics, Communication, Tableau",2026-03-16,2026-04-08,"? 6,50,000"
DA0376,Data Analyst,HCLTech,Finance,Pune,Hybrid,Entry,"? 5,00,000","? 8,00,000","Machine Learning, Python, Communication, Statistics, Power BI, Data Cleaning",2026-01-24,2026-02-13,"? 6,50,000"
DA0377,Data Analyst,HCLTech,Finance,Hyderabad,Onsite,Mid,"? 12,00,000","? 17,00,000","Tableau, Python, Machine Learning",2026-01-30,2026-03-11,"? 14,50,000"
DA0378,Data Analyst,Microsoft,Telecom,Noida,Remote,Senior,"? 20,00,000","? 32,00,000","Machine Learning, Data Cleaning, Power BI, Communication",2026-01-02,2026-01-27,"? 26,00,000"
DA0379,Data Analyst,TCS,Consulting,Pune,Hybrid,Mid,"? 10,00,000","? 14,00,000","Machine Learning, SQL, Power BI",2026-03-13,2026-04-23,"? 12,00,000"
DA0380,Data Analyst,KPMG,IT Services,Chennai,Remote,Mid,"? 11,00,000","? 17,00,000","Statistics, Communication, Tableau, Power BI, Excel",2026-02-12,2026-03-29,"? 14,00,000"
DA0381,Data Analyst,Amazon,Finance,Gurgaon,Onsite,Mid,"? 12,00,000","? 16,00,000","Tableau, Statistics, ETL, Data Cleaning",2026-03-25,2026-04-21,"? 14,00,000"
DA0382,Data Analyst,Infosys,IT Services,Mumbai,Hybrid,Mid,"? 11,00,000","? 17,00,000","Statistics, Machine Learning, ETL, Data Cleaning",2026-01-19,2026-02-10,"? 14,00,000"
DA0383,Data Analyst,PwC,Finance,Mumbai,Onsite,Entry,"? 5,00,000","? 8,00,000","Tableau, Data Cleaning, Statistics, ETL, Communication, Machine Learning",2026-03-19,2026-04-30,"? 6,50,000"
DA0384,Data Analyst,Infosys,IT Services,Delhi NCR,Hybrid,Entry,"? 4,00,000","? 8,00,000","Python, Power BI, Machine Learning",2026-03-31,2026-05-02,"? 6,00,000"
DA0385,Data Analyst,Microsoft,Finance,Pune,Onsite,Entry,"? 6,00,000","? 10,00,000","Tableau, Power BI, SQL",2026-01-11,2026-02-02,"? 8,00,000"
DA0386,Data Analyst,Microsoft,E-commerce,Chennai,Hybrid,Mid,"? 11,00,000","? 17,00,000","ETL, Power BI, Excel, Data Cleaning",2026-01-17,2026-02-15,"? 14,00,000"
DA0387,Data Analyst,Google,Product,Kolkata,Remote,Senior,"? 22,00,000","? 33,00,000","ETL, Power BI, Data Cleaning, Statistics",2026-02-26,2026-04-02,"? 27,50,000"
DA0388,Data Analyst,KPMG,E-commerce,Mumbai,Hybrid,Mid,"? 10,00,000","? 14,00,000","SQL, Data Cleaning, Tableau, Power BI",2026-03-03,2026-03-18,"? 12,00,000"
DA0389,Data Analyst,TCS,Finance,Pune,Remote,Entry,"? 4,00,000","? 8,00,000","ETL, Excel, Data Cleaning, Machine Learning, Python, Power BI",2026-02-06,2026-02-28,"? 6,00,000"
DA0390,Data Analyst,HCLTech,Finance,Hyderabad,Hybrid,Mid,"? 12,00,000","? 14,00,000","ETL, Machine Learning, Communication, SQL, Data Cleaning, Python",2026-01-25,2026-02-11,"? 13,00,000"
DA0391,Data Analyst,HCLTech,IT Services,Mumbai,Onsite,Entry,"? 4,00,000","? 10,00,000","Tableau, ETL, Communication, Python, SQL",2026-03-20,2026-04-13,"? 7,00,000"
DA0392,Data Analyst,Wipro,IT Services,Noida,Onsite,Entry,"? 6,00,000","? 10,00,000","Communication, Data Cleaning, Python, Power BI, Excel",2026-02-27,2026-03-19,"? 8,00,000"
DA0393,Data Analyst,Accenture,E-commerce,Kolkata,Hybrid,Senior,"? 22,00,000","? 29,00,000","Excel, Python, SQL, Data Cleaning, Communication, ETL",2026-01-17,2026-02-26,"? 25,50,000"
DA0394,Data Analyst,TCS,E-commerce,Kolkata,Onsite,Mid,"? 10,00,000","? 15,00,000","Statistics, SQL, Power BI",2026-03-31,2026-05-02,"? 12,50,000"
DA0395,Data Analyst,Reliance,Finance,Hyderabad,Remote,Entry,"? 4,00,000","? 8,00,000","SQL, Python, Machine Learning",2026-02-18,2026-03-06,"? 6,00,000"
DA0396,Data Analyst,Wipro,Product,Bangalore,Remote,Entry,"? 3,00,000","? 10,00,000","Data Cleaning, Machine Learning, Tableau, Power BI",2026-03-27,2026-05-10,"? 6,50,000"
DA0397,Data Analyst,Accenture,IT Services,Hyderabad,Remote,Mid,"? 8,00,000","? 14,00,000","Python, Statistics, Excel, Machine Learning, ETL",2026-03-03,2026-03-31,"? 11,00,000"
DA0398,Data Analyst,TCS,Telecom,Gurgaon,Remote,Entry,"? 4,00,000","? 8,00,000","Machine Learning, Python, Excel",2026-03-16,2026-04-19,"? 6,00,000"
DA0399,Data Analyst,Google,Telecom,Delhi NCR,Onsite,Entry,"? 3,00,000","? 7,00,000","SQL, Statistics, Excel, Data Cleaning, Power BI, Communication",2026-01-21,2026-02-20,"? 5,00,000"
DA0400,Data Analyst,Deloitte,IT Services,Gurgaon,Remote,Entry,"? 5,00,000","? 9,00,000","Machine Learning, Statistics, Power BI",2026-01-25,2026-02-23,"? 7,00,000"
DA0401,Data Analyst,Google,Finance,Pune,Remote,Mid,"? 12,00,000","? 17,00,000","Communication, Power BI, Statistics, ETL",2026-03-04,2026-04-17,"? 14,50,000"
DA0402,Data Analyst,EY,Finance,Bangalore,Remote,Senior,"? 20,00,000","? 26,00,000","Data Cleaning, Tableau, ETL, Communication",2026-03-09,2026-04-09,"? 23,00,000"
DA0403,Data Analyst,Microsoft,Telecom,Kolkata,Onsite,Entry,"? 4,00,000","? 6,00,000","Communication, Python, Statistics, Data Cleaning, Excel",2026-03-21,2026-04-21,"? 5,00,000"
DA0404,Data Analyst,Amazon,Product,Delhi NCR,Onsite,Mid,"? 12,00,000","? 13,00,000","Statistics, Machine Learning, Communication, Excel, ETL",2026-03-20,2026-04-30,"? 12,50,000"
DA0405,Data Analyst,TCS,Telecom,Kolkata,Remote,Senior,"? 20,00,000","? 25,00,000","Data Cleaning, Python, SQL",2026-01-26,2026-02-25,"? 22,50,000"
DA0406,Data Analyst,PwC,IT Services,Gurgaon,Remote,Mid,"? 12,00,000","? 14,00,000","Python, SQL, Excel, ETL, Statistics",2026-01-07,2026-01-23,"? 13,00,000"
DA0407,Data Analyst,Google,IT Services,Pune,Onsite,Entry,"? 6,00,000","? 8,00,000","Communication, Tableau, Excel",2026-04-01,2026-05-16,"? 7,00,000"
DA0408,Data Analyst,Amazon,Product,Noida,Hybrid,Entry,"? 3,00,000","? 6,00,000","Python, Communication, ETL, Tableau, Statistics, SQL",2026-01-30,2026-03-09,"? 4,50,000"
DA0409,Data Analyst,EY,Product,Mumbai,Remote,Entry,"? 5,00,000","? 9,00,000","SQL, Power BI, ETL, Tableau, Python, Machine Learning",2026-03-31,2026-05-04,"? 7,00,000"
DA0410,Data Analyst,EY,Telecom,Hyderabad,Remote,Entry,"? 5,00,000","? 8,00,000","Statistics, Machine Learning, ETL, Data Cleaning, Communication",2026-03-12,2026-04-13,"? 6,50,000"
DA0411,Data Analyst,Amazon,Consulting,Pune,Onsite,Entry,"? 5,00,000","? 8,00,000","Machine Learning, Excel, ETL, Power BI, Tableau, Data Cleaning",2026-02-27,2026-03-23,"? 6,50,000"
DA0412,Data Analyst,PwC,E-commerce,Mumbai,Onsite,Senior,"? 21,00,000","? 30,00,000","ETL, Communication, Power BI, Excel, Machine Learning",2026-01-03,2026-01-26,"? 25,50,000"
DA0413,Data Analyst,Google,E-commerce,Gurgaon,Onsite,Entry,"? 4,00,000","? 7,00,000","SQL, Machine Learning, Python, Statistics, Excel",2026-02-02,2026-03-04,"? 5,50,000"
DA0414,Data Analyst,Reliance,E-commerce,Chennai,Hybrid,Mid,"? 12,00,000","? 18,00,000","Excel, Machine Learning, SQL, ETL, Communication",2026-01-13,2026-02-10,"? 15,00,000"
DA0415,Data Analyst,Amazon,IT Services,Chennai,Remote,Senior,"? 19,00,000","? 28,00,000","Machine Learning, Excel, Tableau",2026-03-25,2026-04-27,"? 23,50,000"
DA0416,Data Analyst,Reliance,Finance,Mumbai,Onsite,Entry,"? 4,00,000","? 7,00,000","Data Cleaning, ETL, SQL, Communication, Python, Power BI",2026-01-07,2026-02-01,"? 5,50,000"
DA0417,Data Analyst,Wipro,Consulting,Gurgaon,Remote,Entry,"? 3,00,000","? 10,00,000","SQL, Machine Learning, ETL, Data Cleaning, Statistics",2026-02-21,2026-03-14,"? 6,50,000"
DA0418,Data Analyst,KPMG,E-commerce,Delhi NCR,Onsite,Entry,"? 4,00,000","? 10,00,000","Python, SQL, Tableau, Machine Learning",2026-03-20,2026-04-25,"? 7,00,000"
DA0419,Data Analyst,Flipkart,Finance,Mumbai,Hybrid,Entry,"? 5,00,000","? 8,00,000","Statistics, Excel, Tableau, SQL, Power BI",2026-01-25,2026-02-10,"? 6,50,000"
DA0420,Data Analyst,Accenture,Telecom,Mumbai,Hybrid,Senior,"? 21,00,000","? 28,00,000","Power BI, SQL, ETL, Statistics, Excel",2026-03-29,2026-04-13,"? 24,50,000"
DA0421,Data Analyst,Accenture,Telecom,Noida,Hybrid,Entry,"? 3,00,000","? 8,00,000","Excel, Statistics, Python, ETL, Tableau, SQL",2026-02-27,2026-03-31,"? 5,50,000"
DA0422,Data Analyst,Deloitte,Consulting,Pune,Onsite,Entry,"? 4,00,000","? 6,00,000","Tableau, Power BI, Excel",2026-02-18,2026-03-19,"? 5,00,000"
DA0423,Data Analyst,KPMG,Consulting,Kolkata,Remote,Mid,"? 8,00,000","? 12,00,000","Statistics, SQL, Excel, Power BI, Communication",2026-02-19,2026-03-28,"? 10,00,000"
DA0424,Data Analyst,Amazon,Product,Bangalore,Onsite,Entry,"? 5,00,000","? 9,00,000","Power BI, Python, Data Cleaning",2026-03-18,2026-04-09,"? 7,00,000"
DA0425,Data Analyst,Microsoft,E-commerce,Hyderabad,Remote,Senior,"? 22,00,000","? 30,00,000","Power BI, Excel, Statistics, Data Cleaning, Communication, Machine Learning",2026-03-04,2026-03-27,"? 26,00,000"
DA0426,Data Analyst,Wipro,IT Services,Kolkata,Remote,Mid,"? 10,00,000","? 15,00,000","Python, Power BI, Statistics, Communication, Data Cleaning",2026-01-04,2026-02-18,"? 12,50,000"
DA0427,Data Analyst,Amazon,Consulting,Hyderabad,Remote,Mid,"? 9,00,000","? 15,00,000","Machine Learning, Tableau, Statistics, Python",2026-01-31,2026-02-19,"? 12,00,000"
DA0428,Data Analyst,Microsoft,Telecom,Mumbai,Hybrid,Mid,"? 9,00,000","? 18,00,000","ETL, Power BI, Machine Learning, Data Cleaning, SQL",2026-01-18,2026-02-04,"? 13,50,000"
DA0429,Data Analyst,Deloitte,Finance,Pune,Onsite,Mid,"? 8,00,000","? 13,00,000","Excel, Statistics, Machine Learning, Python",2026-02-10,2026-03-21,"? 10,50,000"
DA0430,Data Analyst,TCS,E-commerce,Delhi NCR,Remote,Entry,"? 4,00,000","? 7,00,000","Communication, Python, ETL, SQL, Statistics",2026-01-04,2026-02-12,"? 5,50,000"
DA0431,Data Analyst,TCS,Finance,Bangalore,Hybrid,Entry,"? 6,00,000","? 8,00,000","Data Cleaning, Communication, Power BI, SQL, Machine Learning, Statistics",2026-01-24,2026-03-10,"? 7,00,000"
DA0432,Data Analyst,PwC,Consulting,Kolkata,Hybrid,Entry,"? 4,00,000","? 7,00,000","Data Cleaning, Communication, Statistics, Machine Learning",2026-01-09,2026-02-17,"? 5,50,000"
DA0433,Data Analyst,PwC,IT Services,Hyderabad,Remote,Entry,"? 6,00,000","? 8,00,000","ETL, SQL, Data Cleaning",2026-02-20,2026-03-24,"? 7,00,000"
DA0434,Data Analyst,KPMG,E-commerce,Pune,Hybrid,Entry,"? 3,00,000","? 10,00,000","Python, Tableau, Data Cleaning",2026-02-19,2026-03-11,"? 6,50,000"
DA0435,Data Analyst,Wipro,Finance,Kolkata,Hybrid,Entry,"? 3,00,000","? 10,00,000","Data Cleaning, SQL, ETL, Communication, Tableau, Statistics",2026-01-19,2026-02-17,"? 6,50,000"
DA0436,Data Analyst,Google,Product,Delhi NCR,Onsite,Entry,"? 6,00,000","? 10,00,000","SQL, Tableau, Statistics, Data Cleaning, Machine Learning, Communication",2026-01-26,2026-02-13,"? 8,00,000"
DA0437,Data Analyst,Reliance,Consulting,Chennai,Remote,Mid,"? 10,00,000","? 12,00,000","ETL, Power BI, Machine Learning, Tableau, Python, Excel",2026-03-09,2026-04-20,"? 11,00,000"
DA0438,Data Analyst,Google,Finance,Pune,Remote,Mid,"? 9,00,000","? 13,00,000","Excel, Machine Learning, Tableau, Power BI",2026-01-19,2026-02-08,"? 11,00,000"
DA0439,Data Analyst,Amazon,IT Services,Gurgaon,Onsite,Entry,"? 4,00,000","? 7,00,000","Excel, Data Cleaning, ETL, Machine Learning, Python",2026-01-01,2026-01-22,"? 5,50,000"
DA0440,Data Analyst,Microsoft,Telecom,Hyderabad,Onsite,Mid,"? 11,00,000","? 15,00,000","SQL, Excel, Python, Tableau, Power BI, Machine Learning",2026-02-22,2026-03-14,"? 13,00,000"
DA0441,Data Analyst,Infosys,IT Services,Delhi NCR,Hybrid,Entry,"? 5,00,000","? 6,00,000","Communication, Tableau, Statistics",2026-01-19,2026-02-08,"? 5,50,000"
DA0442,Data Analyst,Reliance,E-commerce,Chennai,Hybrid,Entry,"? 5,00,000","? 10,00,000","Data Cleaning, Statistics, Excel, Communication",2026-03-26,2026-05-08,"? 7,50,000"
DA0443,Data Analyst,Infosys,Product,Pune,Hybrid,Entry,"? 3,00,000","? 9,00,000","Tableau, Data Cleaning, Power BI",2026-03-12,2026-04-12,"? 6,00,000"
DA0444,Data Analyst,PwC,Product,Pune,Hybrid,Entry,"? 4,00,000","? 7,00,000","SQL, ETL, Communication",2026-03-20,2026-04-23,"? 5,50,000"
DA0445,Data Analyst,Flipkart,Consulting,Pune,Onsite,Mid,"? 10,00,000","? 16,00,000","Power BI, Data Cleaning, ETL, Python, SQL",2026-03-15,2026-03-30,"? 13,00,000"
DA0446,Data Analyst,TCS,Product,Hyderabad,Remote,Entry,"? 6,00,000","? 6,00,000","Machine Learning, Excel, Statistics, Power BI, Tableau, SQL",2026-01-27,2026-02-20,"? 6,00,000"
DA0447,Data Analyst,Google,Telecom,Bangalore,Onsite,Entry,"? 3,00,000","? 8,00,000","Excel, SQL, Statistics, Power BI, Python",2026-02-08,2026-03-01,"? 5,50,000"
DA0448,Data Analyst,Microsoft,Finance,Noida,Hybrid,Entry,"? 5,00,000","? 9,00,000","Power BI, Data Cleaning, Communication",2026-03-02,2026-03-31,"? 7,00,000"
DA0449,Data Analyst,Microsoft,E-commerce,Chennai,Onsite,Mid,"? 11,00,000","? 17,00,000","Communication, Statistics, Excel, SQL, Tableau",2026-01-08,2026-01-27,"? 14,00,000"
DA0450,Data Analyst,Infosys,E-commerce,Chennai,Remote,Entry,"? 3,00,000","? 8,00,000","Communication, Machine Learning, Power BI, Tableau",2026-02-18,2026-03-06,"? 5,50,000"
DA0451,Data Analyst,Wipro,IT Services,Chennai,Onsite,Entry,"? 3,00,000","? 9,00,000","Data Cleaning, Tableau, Python, ETL, Power BI",2026-01-31,2026-03-11,"? 6,00,000"
DA0452,Data Analyst,Accenture,E-commerce,Gurgaon,Remote,Entry,"? 3,00,000","? 9,00,000","Data Cleaning, ETL, Power BI",2026-03-06,2026-04-17,"? 6,00,000"
DA0453,Data Analyst,Google,Telecom,Delhi NCR,Onsite,Mid,"? 10,00,000","? 13,00,000","Python, Excel, Data Cleaning, Communication",2026-01-13,2026-02-06,"? 11,50,000"
DA0454,Data Analyst,TCS,Telecom,Pune,Remote,Senior,"? 19,00,000","? 30,00,000","SQL, ETL, Tableau",2026-03-01,2026-04-13,"? 24,50,000"
DA0455,Data Analyst,Deloitte,Consulting,Mumbai,Hybrid,Entry,"? 4,00,000","? 7,00,000","ETL, Statistics, Data Cleaning, Communication, Excel",2026-02-06,2026-02-24,"? 5,50,000"
DA0456,Data Analyst,Reliance,E-commerce,Hyderabad,Onsite,Entry,"? 3,00,000","? 7,00,000","ETL, Statistics, Tableau, SQL, Communication",2026-03-11,2026-03-28,"? 5,00,000"
DA0457,Data Analyst,Microsoft,IT Services,Delhi NCR,Hybrid,Entry,"? 5,00,000","? 10,00,000","Power BI, Excel, Data Cleaning",2026-02-26,2026-03-14,"? 7,50,000"
DA0458,Data Analyst,Infosys,Finance,Mumbai,Onsite,Entry,"? 6,00,000","? 7,00,000","Communication, Statistics, Tableau, Power BI, SQL, Data Cleaning",2026-04-01,2026-05-12,"? 6,50,000"
DA0459,Data Analyst,HCLTech,Telecom,Pune,Hybrid,Mid,"? 11,00,000","? 12,00,000","Data Cleaning, Communication, Python, SQL, Machine Learning",2026-02-28,2026-03-27,"? 11,50,000"
DA0460,Data Analyst,PwC,Consulting,Pune,Hybrid,Entry,"? 5,00,000","? 8,00,000","Excel, SQL, Data Cleaning, Communication, Power BI, Python",2026-02-28,2026-04-03,"? 6,50,000"
DA0461,Data Analyst,Reliance,E-commerce,Noida,Hybrid,Mid,"? 12,00,000","? 12,00,000","Statistics, ETL, SQL",2026-02-21,2026-03-20,"? 12,00,000"
DA0462,Data Analyst,Accenture,Product,Kolkata,Hybrid,Mid,"? 9,00,000","? 16,00,000","Data Cleaning, Machine Learning, SQL, Power BI",2026-02-01,2026-03-06,"? 12,50,000"
DA0463,Data Analyst,Flipkart,Finance,Chennai,Remote,Mid,"? 12,00,000","? 17,00,000","SQL, Data Cleaning, Communication, Tableau",2026-01-31,2026-02-18,"? 14,50,000"
DA0464,Data Analyst,EY,Finance,Bangalore,Onsite,Mid,"? 9,00,000","? 14,00,000","Communication, SQL, Machine Learning",2026-02-21,2026-03-14,"? 11,50,000"
DA0465,Data Analyst,Amazon,E-commerce,Kolkata,Remote,Mid,"? 12,00,000","? 18,00,000","Power BI, Communication, Data Cleaning",2026-03-23,2026-04-25,"? 15,00,000"
DA0466,Data Analyst,Flipkart,Telecom,Kolkata,Onsite,Entry,"? 4,00,000","? 8,00,000","Machine Learning, Statistics, SQL, Tableau, Excel",2026-02-08,2026-03-22,"? 6,00,000"
DA0467,Data Analyst,HCLTech,E-commerce,Bangalore,Onsite,Entry,"? 5,00,000","? 10,00,000","ETL, Statistics, SQL",2026-01-07,2026-02-04,"? 7,50,000"
DA0468,Data Analyst,PwC,Consulting,Hyderabad,Remote,Mid,"? 11,00,000","? 17,00,000","Machine Learning, Communication, ETL, Tableau, SQL, Statistics",2026-02-10,2026-03-09,"? 14,00,000"
DA0469,Data Analyst,Infosys,Product,Bangalore,Onsite,Mid,"? 10,00,000","? 18,00,000","Tableau, Power BI, ETL, Excel",2026-02-23,2026-04-02,"? 14,00,000"
DA0470,Data Analyst,Wipro,Finance,Noida,Hybrid,Senior,"? 24,00,000","? 27,00,000","Machine Learning, Data Cleaning, Communication, Tableau",2026-01-11,2026-02-12,"? 25,50,000"
DA0471,Data Analyst,Google,Consulting,Noida,Hybrid,Mid,"? 11,00,000","? 14,00,000","Machine Learning, Excel, Data Cleaning, Communication",2026-01-29,2026-02-26,"? 12,50,000"
DA0472,Data Analyst,Google,Product,Noida,Hybrid,Senior,"? 23,00,000","? 25,00,000","Statistics, SQL, Data Cleaning, Communication, Excel, ETL",2026-01-05,2026-02-03,"? 24,00,000"
DA0473,Data Analyst,TCS,E-commerce,Noida,Onsite,Mid,"? 12,00,000","? 16,00,000","Data Cleaning, SQL, Tableau, Communication",2026-01-12,2026-02-11,"? 14,00,000"
DA0474,Data Analyst,Google,E-commerce,Pune,Onsite,Entry,"? 6,00,000","? 10,00,000","Statistics, Tableau, ETL, SQL, Excel, Data Cleaning",2026-02-12,2026-03-19,"? 8,00,000"
DA0475,Data Analyst,Wipro,Telecom,Delhi NCR,Hybrid,Entry,"? 4,00,000","? 10,00,000","Communication, Excel, Tableau, Python, ETL",2026-01-07,2026-01-30,"? 7,00,000"
DA0476,Data Analyst,Microsoft,Finance,Chennai,Onsite,Entry,"? 5,00,000","? 8,00,000","SQL, Power BI, ETL",2026-02-02,2026-02-25,"? 6,50,000"
DA0477,Data Analyst,Flipkart,Consulting,Gurgaon,Hybrid,Mid,"? 9,00,000","? 15,00,000","Statistics, SQL, Power BI",2026-01-24,2026-03-04,"? 12,00,000"
DA0478,Data Analyst,PwC,Finance,Gurgaon,Hybrid,Entry,"? 6,00,000","? 7,00,000","Excel, Tableau, SQL, Communication, Data Cleaning",2026-01-27,2026-02-26,"? 6,50,000"
DA0479,Data Analyst,Deloitte,Finance,Kolkata,Remote,Mid,"? 12,00,000","? 13,00,000","Data Cleaning, Tableau, Power BI, ETL, Python, Excel",2026-02-18,2026-03-15,"? 12,50,000"
DA0480,Data Analyst,Reliance,IT Services,Pune,Remote,Senior,"? 18,00,000","? 26,00,000","Machine Learning, Tableau, Statistics, Power BI, Communication",2026-03-10,2026-04-12,"? 22,00,000"
DA0481,Data Analyst,HCLTech,IT Services,Bangalore,Hybrid,Entry,"? 4,00,000","? 10,00,000","Power BI, Statistics, Excel, ETL, Data Cleaning",2026-01-25,2026-02-12,"? 7,00,000"
DA0482,Data Analyst,Infosys,IT Services,Hyderabad,Remote,Mid,"? 11,00,000","? 14,00,000","Tableau, Python, Excel, Data Cleaning, Communication",2026-01-29,2026-03-05,"? 12,50,000"
DA0483,Data Analyst,Wipro,E-commerce,Pune,Hybrid,Entry,"? 3,00,000","? 6,00,000","Machine Learning, Power BI, SQL, Statistics",2026-03-19,2026-04-24,"? 4,50,000"
DA0484,Data Analyst,KPMG,Finance,Chennai,Onsite,Senior,"? 25,00,000","? 29,00,000","Tableau, Power BI, SQL, ETL, Excel",2026-02-24,2026-03-19,"? 27,00,000"
DA0485,Data Analyst,Wipro,Product,Gurgaon,Onsite,Senior,"? 22,00,000","? 27,00,000","Data Cleaning, Python, Machine Learning",2026-02-26,2026-03-17,"? 24,50,000"
DA0486,Data Analyst,TCS,IT Services,Delhi NCR,Remote,Mid,"? 11,00,000","? 13,00,000","Data Cleaning, Tableau, SQL",2026-03-20,2026-04-27,"? 12,00,000"
DA0487,Data Analyst,Wipro,Product,Chennai,Hybrid,Entry,"? 6,00,000","? 6,00,000","Excel, Communication, Machine Learning, Power BI",2026-03-05,2026-04-07,"? 6,00,000"
DA0488,Data Analyst,Infosys,Telecom,Noida,Hybrid,Entry,"? 6,00,000","? 9,00,000","SQL, ETL, Python, Excel, Data Cleaning, Statistics",2026-02-25,2026-03-22,"? 7,50,000"
DA0489,Data Analyst,Infosys,Finance,Pune,Remote,Mid,"? 11,00,000","? 12,00,000","Statistics, ETL, Communication",2026-03-22,2026-04-12,"? 11,50,000"
DA0490,Data Analyst,Google,E-commerce,Gurgaon,Onsite,Entry,"? 3,00,000","? 9,00,000","Tableau, Machine Learning, SQL, Statistics",2026-03-26,2026-05-08,"? 6,00,000"
DA0491,Data Analyst,Infosys,Telecom,Pune,Hybrid,Mid,"? 9,00,000","? 13,00,000","Excel, Python, Data Cleaning, ETL",2026-01-05,2026-02-06,"? 11,00,000"
DA0492,Data Analyst,Accenture,Product,Noida,Hybrid,Senior,"? 25,00,000","? 25,00,000","Excel, Statistics, Communication, Python, Data Cleaning",2026-01-05,2026-02-19,"? 25,00,000"
DA0493,Data Analyst,Microsoft,IT Services,Gurgaon,Remote,Mid,"? 12,00,000","? 13,00,000","SQL, Excel, Power BI, Python",2026-03-16,2026-04-01,"? 12,50,000"
DA0494,Data Analyst,Flipkart,Consulting,Delhi NCR,Onsite,Entry,"? 4,00,000","? 6,00,000","Tableau, SQL, Data Cleaning",2026-01-23,2026-02-10,"? 5,00,000"
DA0495,Data Analyst,Amazon,Consulting,Chennai,Onsite,Entry,"? 4,00,000","? 6,00,000","Statistics, Machine Learning, Communication, Excel, Data Cleaning, Tableau",2026-01-26,2026-03-06,"? 5,00,000"
DA0496,Data Analyst,Wipro,Product,Chennai,Remote,Entry,"? 4,00,000","? 8,00,000","Tableau, Power BI, Machine Learning",2026-01-09,2026-01-29,"? 6,00,000"
DA0497,Data Analyst,Wipro,IT Services,Pune,Hybrid,Entry,"? 3,00,000","? 7,00,000","Power BI, Excel, Data Cleaning, ETL, Machine Learning, Statistics",2026-01-13,2026-02-19,"? 5,00,000"
DA0498,Data Analyst,Accenture,Consulting,Bangalore,Remote,Mid,"? 11,00,000","? 17,00,000","Power BI, Tableau, Data Cleaning, Python",2026-01-17,2026-02-06,"? 14,00,000"
DA0499,Data Analyst,Accenture,IT Services,Noida,Onsite,Mid,"? 12,00,000","? 12,00,000","Statistics, Machine Learning, Excel, Tableau, SQL",2026-03-22,2026-04-25,"? 12,00,000"
DA0500,Data Analyst,Reliance,Consulting,Gurgaon,Hybrid,Entry,"? 4,00,000","? 9,00,000","Tableau, Excel, Python, ETL",2026-03-22,2026-04-11,"? 6,50,000"
